x,group,y_homo,y_hetero1,y_hetero2,y_hetero3
2.585528818,0,1.677511791,4.337255079,0.982231496,5.032535374
2.709466018,0,0.079474055,0.21533225,0.056384141,0.238422164
1.890696685,0,-0.856427497,-1.619244629,-0.093610364,-2.56928249
1.546502827,0,-0.778777287,-1.204381276,-0.353173298,-2.336331861
2.605887456,0,-0.380936084,-0.992676563,-0.230804395,-1.142808253
0.182044032,0,-1.89735834,-0.345402763,-3.449313917,-5.692075019
2.630098551,0,-0.071770912,-0.188764571,-0.045222747,-0.215312735
1.723815895,0,-1.030864591,-1.777020768,-0.284708415,-3.092593774
1.715840256,0,0.670695476,1.150806298,0.190584655,2.012086429
1.080677998,0,-0.361287755,-0.390435728,-0.332139782,-1.083863265
1.883752194,0,-0.279306356,-0.526143961,-0.032468751,-0.837919069
3.817312044,0,-0.645890407,-2.46556523,-1.173784416,-1.937671221
2.370627864,0,-0.515729093,-1.222601758,-0.191143572,-1.547187279
2.520216458,0,-1.374556133,-3.464178988,-0.715066722,-4.123668399
1.249468005,0,1.010377828,1.26243477,0.758320887,3.031133485
2.81689984,0,0.453706456,1.278045644,0.370632731,1.361119369
1.113642479,0,0.27488033,0.306118413,0.243642248,0.824640991
1.66842241,0,-1.271791225,-2.12188498,-0.421697469,-3.815373674
3.120712652,0,0.973595242,3.038310989,1.091120505,2.920785726
2.298723699,0,1.280787124,2.944175715,0.382601468,3.842361371
2.779621925,0,-0.025876547,-0.071927018,-0.020173924,-0.077629642
3.455785082,0,-1.73596378,-5.999117735,-2.527190175,-5.20789134
1.355671571,0,-0.945175884,-1.281348075,-0.609003693,-2.835527651
0.446862595,0,-0.461119639,-0.206057118,-0.716182159,-1.383358916
0.402290483,0,0.559566137,0.225108132,0.894024143,1.678698412
3.805097519,0,0.207371698,0.789069533,0.374326137,0.622115093
1.518352636,0,0.40051627,0.608124934,0.192907605,1.201548809
2.620379801,0,-0.05140967,-0.134712861,-0.031893521,-0.15422901
2.612123493,0,0.824944696,2.15485742,0.504968028,2.474834087
1.837689023,0,-1.678067504,-3.083766231,-0.272368776,-5.034202511
2.811873179,0,-0.923279416,-2.596144627,-0.749585794,-2.769838249
4.196833546,0,-0.657448335,-2.759201226,-1.444304557,-1.972345004
4.049190337,0,1.654941797,6.701174332,3.391290739,4.96482539
3.632445639,0,-1.163929147,-4.227909356,-1.900051061,-3.491787442
2.254271193,0,-0.879142734,-1.981826141,-0.223540672,-2.637428203
2.491188279,0,0.224613031,0.55955335,0.110327288,0.673839093
1.675913421,0,1.420549962,2.380718747,0.460381177,4.261649886
0.337949756,0,0.500920689,0.169286025,0.832555354,1.502762068
3.767733851,0,0.284829602,1.073162133,0.503502929,0.854488806
2.025801049,0,-0.720574831,-1.459741247,-0.018591586,-2.161724492
3.128510834,0,0.896460942,2.804587769,1.011665885,2.689382826
-0.380358061,0,-1.432467667,0.544850625,-3.40978596,-4.297403002
0.939734448,0,0.385992634,0.362730575,0.409254693,1.157977902
2.93714054,0,-1.11065415,-3.262147331,-1.040839031,-3.331962451
2.85445172,0,-0.075503438,-0.215520918,-0.064514042,-0.226510313
3.460729403,0,-1.387222219,-4.800800722,-2.026356284,-4.161666657
0.586901222,0,0.274713654,0.161229779,0.388197529,0.824140963
2.567403253,0,0.546311963,1.40260311,0.309979185,1.638935888
2.583187653,0,-0.53909461,-1.392582541,-0.314393321,-1.61728383
0.693201167,0,-1.841499195,-1.27652939,-2.406468999,-5.524497584
1.459613926,0,-0.790288951,-1.153516759,-0.427061143,-2.370866853
3.947692665,0,-1.094068126,-4.319044716,-2.130908464,-3.282204378
2.05359027,0,0.463697367,0.952244401,0.024849667,1.391092101
2.351662841,0,0.016765478,0.039426753,0.005895796,0.050296435
1.329023461,0,0.713715588,0.948544762,0.478886415,2.141146765
2.277953695,0,0.372720397,0.849039806,0.103599012,1.118161192
2.691171273,0,-0.631418735,-1.699255962,-0.436418491,-1.894256206
2.823795329,0,-0.345194725,-0.974759252,-0.284369802,-1.035584175
4.14506502,0,-0.233673113,-0.968590246,-0.501244021,-0.701019339
-0.346943978,0,-2.402709832,0.833605708,-5.639025371,-7.208129495
2.149591981,0,-0.841015659,-1.807840517,-0.125809198,-2.523046978
0.657468518,0,-0.525577562,-0.345550701,-0.705604423,-1.576732685
2.553303076,0,0.964676072,2.46311038,0.533758237,2.894028215
3.589962843,0,1.168687798,4.195545769,1.858170173,3.506063393
1.413120406,0,0.037525635,0.053028241,0.02202303,0.112576906
0.167622694,0,-1.059450384,-0.177587927,-1.94131284,-3.178351151
2.888139433,0,-0.203198859,-0.586866637,-0.180468919,-0.609596576
3.593488472,0,-0.260522502,-0.936184608,-0.415139604,-0.781567506
2.516854671,0,-1.503592841,-3.784324666,-0.777138983,-4.510778524
0.70432832,0,-1.191546482,-0.839239931,-1.543853032,-3.574639445
2.054615575,0,2.457074166,5.04834285,0.134194519,7.371222497
1.215350627,0,-1.421405166,-1.72750566,-1.115304673,-4.264215499
0.950647181,0,-1.17067119,-1.112895267,-1.228447114,-3.512013571
4.330511962,0,0.61272884,2.653429572,1.427971892,1.83818652
3.402705383,0,0.504072913,1.715211613,0.707065788,1.512218738
2.942600851,0,-0.033604026,-0.098883237,-0.031675184,-0.100812079
2.826258287,0,1.067788411,3.017845846,0.882269024,3.203365233
1.18845951,0,-1.084364336,-1.288723107,-0.880005565,-3.253093007
2.476248281,0,0.565755522,1.400951139,0.269440095,1.697266567
3.021258407,0,-0.27609081,-0.834141681,-0.281960061,-0.82827243
2.645383074,0,-0.825708876,-2.184316284,-0.532898533,-2.477126628
3.043143552,0,0.490220537,1.491811465,0.511370392,1.47066161
1.695630887,0,-0.926531861,-1.571056042,-0.28200768,-2.779595583
4.477110917,0,1.602549891,7.174793614,3.969693831,4.807649674
2.971220673,0,-0.86089102,-2.557897196,-0.836115156,-2.58267306
3.867099185,0,-0.365513266,-1.413476053,-0.682449521,-1.096539798
2.672042469,0,-0.006331921,-0.016919161,-0.00425532,-0.018995762
1.692046619,0,-2.380530777,-4.027969053,-0.733092501,-7.141592331
2.536523717,0,1.520819634,3.85759507,0.815955802,4.562458902
2.824870065,0,-0.61990212,-1.751142941,-0.511338702,-1.859706359
1.036098521,0,-0.484028904,-0.501501632,-0.466556177,-1.452086712
1.144917489,0,-0.926160967,-1.060377888,-0.791944045,-2.7784829
3.886946942,0,-0.285925615,-1.111377694,-0.539526464,-0.857776844
1.608180628,0,1.587795361,2.553461741,0.622128981,4.763386083
1.019367051,0,0.659089023,0.671853634,0.646324412,1.977267068
2.687332101,0,1.206297879,3.241723014,0.829127255,3.618893638
1.494956482,0,-0.024829642,-0.037119234,-0.01254005,-0.074488926
4.157719817,0,-0.904587352,-3.761020759,-1.951846055,-2.713762056
1.400202436,0,-0.446869814,-0.625708202,-0.268031426,-1.340609442
1.305453307,0,0.12508562,0.163293437,0.086877804,0.375256861
2.223925408,0,1.148091357,2.553269538,0.257086825,3.44427407
0.84377667,0,0.455013729,0.383929969,0.526097489,1.365041188
2.422418528,0,2.021946384,4.898000383,0.854107615,6.065839153
0.675244744,0,-0.695270371,-0.469477664,-0.921063078,-2.085811113
2.141084313,0,1.603965341,3.434225029,0.226294348,4.811896022
1.463952002,0,1.351707336,1.97883466,0.724580012,4.055122007
1.688393915,0,0.439514598,0.742073772,0.136955423,1.318543793
3.556109643,0,1.571621702,5.588859087,2.445615684,4.714865105
1.551966709,0,-1.741253237,-2.702367055,-0.780139419,-5.22375971
2.321123537,0,-1.484014801,-3.444581685,-0.476552083,-4.452044403
0.769827753,0,-0.555232552,-0.427433428,-0.683031676,-1.665697655
0.675941308,0,-1.358604931,-0.918337194,-1.798872668,-4.075814792
3.261242274,0,-0.082657124,-0.269564909,-0.10425066,-0.247971373
3.31923172,0,-0.358236119,-1.189068689,-0.472596451,-1.074708357
1.919246239,0,-1.289118257,-2.474135366,-0.104101148,-3.867354771
1.494910194,0,0.966683188,1.445104552,0.488261824,2.900049563
1.947846407,0,-0.4204559,-0.818983514,-0.021928286,-1.261367699
2.628860625,0,0.778214745,2.0458181,0.489388611,2.334644234
4.180002397,0,0.577272971,2.413002403,1.258456461,1.731818913
1.930982693,0,-0.396721691,-0.766062719,-0.027380663,-1.190165073
3.544863602,0,-1.557470402,-5.521020138,-2.406079335,-4.672411205
3.321452017,0,-0.548407914,-1.821510571,-0.724694744,-1.645223741
2.322151575,0,0.217260182,0.504511075,0.06999071,0.651780547
3.53095512,0,0.91323497,3.224591691,1.398121752,2.739704909
1.578760307,0,1.552214846,2.450575187,0.653854506,4.656644539
0.841178977,0,1.268130653,1.066724846,1.469536461,3.80439196
0.154631711,0,0.760401525,0.117582188,1.403220861,2.281204574
3.157325287,0,0.65918042,2.081247009,0.762886169,1.977541261
-0.123549881,0,0.653989652,-0.080800344,1.388779649,1.961968957
0.803968482,0,1.555976315,1.250955916,1.860996714,4.667928944
3.642191991,0,0.416610867,1.517376763,0.684155029,1.249832601
2.883654833,0,0.028053394,0.080896305,0.024789517,0.084160182
2.524875891,0,-2.366008573,-5.973878003,-1.241860858,-7.098025718
0.815340934,0,0.546044491,0.445212425,0.646876556,1.638133472
4.655788272,0,-0.087077144,-0.405412746,-0.231258458,-0.261231432
0.95208629,0,0.368892122,0.351217132,0.386567113,1.106676367
0.988877476,0,-1.440439379,-1.424418058,-1.4564607,-4.321318138
2.668921653,0,0.948342218,2.531051081,0.634366644,2.845026655
2.129177294,0,-1.622468936,-3.454524019,-0.209586146,-4.867406809
1.577423133,0,-1.422040939,-2.243160273,-0.600921605,-4.266122817
0.859735855,0,-2.19955962,-1.891040271,-2.508078969,-6.59867886
0.70628471,0,0.10224255,0.07221235,0.13227275,0.306727649
1.405301231,0,-1.700944252,-2.390339051,-1.011549453,-5.102832756
0.49918592,0,1.667568055,0.832426493,2.502709617,5.002704165
2.015855693,0,0.651327819,1.312982891,0.010327254,1.953983456
2.540169568,0,1.533247044,3.894707482,0.828213393,4.599741133
0.452708033,0,-0.007104085,-0.003216076,-0.010992094,-0.021312256
2.84965293,0,0.064437051,0.183623232,0.054749129,0.193311154
2.896013184,0,1.425220419,4.127457123,1.277016286,4.275661256
2.138690997,0,1.095976655,2.343955406,0.152002095,3.287929966
0.380671678,0,-0.123835518,-0.047140674,-0.200530362,-0.371506554
2.548397923,0,-0.602283795,-1.534858772,-0.330291182,-1.806851385
2.195282154,0,-1.096139546,-2.406335584,-0.214056491,-3.288418639
1.193502005,0,-0.31129707,-0.371533677,-0.251060463,-0.93389121
1.891375765,0,0.175138896,0.331253463,0.019024329,0.525416687
1.749053376,0,0.53080992,0.928414883,0.133204957,1.59242976
3.699346669,0,0.906410806,3.353127797,1.540306184,2.719232419
1.655701204,0,0.046753129,0.077409212,0.016097046,0.140259387
2.067772061,0,0.184794928,0.38211379,0.012523933,0.554384785
1.349430273,0,-0.505011833,-0.681478256,-0.32854541,-1.5150355
1.512361485,0,1.09073222,1.6495814,0.53188304,3.272196661
2.303151237,0,-0.185498225,-0.427230467,-0.056234017,-0.556494676
1.75802598,0,-0.471421529,-0.828771295,-0.114071762,-1.414264586
1.518266432,0,0.63312187,0.961247683,0.304996057,1.89936561
1.008197136,0,-0.27212445,-0.274355091,-0.269893809,-0.816373351
1.719350861,0,0.792838798,1.363168069,0.222509526,2.378516393
2.633017344,0,1.051680205,2.76909222,0.66573181,3.155040615
0.760181657,0,0.467590993,0.355454095,0.57972789,1.402772978
3.764314069,0,1.577757776,5.939175794,2.783660242,4.733273328
1.976320112,0,1.192579199,2.356918257,0.028240142,3.577737598
2.199920484,0,0.68780869,1.513124426,0.137507046,2.06342607
3.347192778,0,-0.540565677,-1.809377528,-0.728246175,-1.62169703
2.036073488,0,0.692902562,1.410800536,0.024995412,2.078707686
2.824581131,0,-2.194040451,-6.197245257,-1.809164355,-6.582121352
0.297328148,0,-0.954047151,-0.283665073,-1.624429228,-2.862141452
2.480950155,0,-0.140183677,-0.347788714,-0.067421361,-0.42055103
4.483550089,0,0.36715028,1.646136673,0.911836112,1.101450841
2.401364988,0,0.055858063,0.134135596,0.022419471,0.167574188
2.215177171,0,1.85388686,4.10668785,0.398914129,5.561660581
0.184287647,0,1.233488977,0.227316781,2.239661173,3.700466932
1.088260576,0,-1.533457826,-1.668801696,-1.398113955,-4.600373477
1.950955309,0,0.070455608,0.137455742,0.003455474,0.211366824
1.594612523,0,0.624654175,0.99608137,0.25322698,1.873962524
3.130381798,0,-0.22398221,-0.701149834,-0.253185414,-0.671946631
2.815464735,0,0.351170646,0.98870857,0.286367278,1.053511938
2.076417519,0,0.122204458,0.253747477,0.009338561,0.366613373
3.453747351,0,-1.803557419,-6.22903166,-2.621916821,-5.410672258
2.374121083,0,1.001495401,2.377671347,0.374680544,3.004486203
1.829095944,0,1.199219833,2.193488132,0.204951533,3.597659498
1.497787188,0,-1.42600469,-2.135851555,-0.716157825,-4.27801407
2.543522108,0,-1.154184974,-2.935694997,-0.62732505,-3.462554921
1.494813997,0,0.195879383,0.292803243,0.098955523,0.587638149
2.786795789,0,0.489033101,1.362835388,0.384769185,1.467099304
2.300949402,0,-0.030150555,-0.069374903,-0.009073792,-0.090451666
3.310223907,0,0.162180683,0.536854374,0.212493008,0.486542049
2.79843377,0,0.106499488,0.298031764,0.085032788,0.319498464
2.850860438,0,-1.176966867,-3.355368277,-1.001434543,-3.530900601
1.556432032,0,0.934429427,1.454375892,0.414482962,2.803288281
1.553225212,0,0.42197463,0.655421635,0.188527626,1.265923891
2.013305042,0,-0.503018995,-1.012730678,-0.006692689,-1.509056984
0.563854294,0,-0.267881708,-0.151046251,-0.384717165,-0.803645124
1.370740353,0,0.937288013,1.284778502,0.589797524,2.811864039
2.243521766,0,0.034023579,0.076332639,0.008285482,0.102070736
3.058362233,0,0.243158864,0.743667886,0.257350158,0.729476591
2.831348818,0,1.143688524,3.238181152,0.950804103,3.431065573
2.105211816,0,0.827405932,1.741864744,0.087052881,2.482217796
0.258286906,0,0.348058188,0.089898872,0.606217503,1.044174563
2.645246994,0,-0.381202844,-1.008375677,-0.245969989,-1.143608532
2.097104225,0,1.361281437,2.854749052,0.132186178,4.08384431
1.923266305,0,-0.885541755,-1.703132619,-0.067950891,-2.656625265
2.991950678,0,0.388984014,1.163820984,0.385852956,1.166952042
1.140749239,0,0.41190509,0.469880418,0.353929762,1.23571527
1.718420312,0,0.709913471,1.219929729,0.199897214,2.129740414
4.066247271,0,-1.315293806,-5.348309848,-2.717722236,-3.945881417
1.388447022,0,-1.536933559,-2.133950823,-0.939916295,-4.610800677
2.315612825,0,-0.646002559,-1.49589181,-0.203886692,-1.938007676
2.660293378,0,-0.968642988,-2.576874525,-0.63958855,-2.905928963
0.277797593,0,-1.045694766,-0.290491489,-1.800898043,-3.137084297
-0.134626048,0,-0.132058867,0.017778563,-0.281896298,-0.396176602
2.068945598,0,0.138724709,0.287013876,0.009564458,0.416174127
2.867821743,0,-1.609804345,-4.616631903,-1.397023212,-4.829413036
-0.290044179,0,0.972991446,-0.282210505,2.228193397,2.918974337
1.849809712,0,1.048883042,1.940234038,0.157532046,3.146649126
1.731218207,0,-0.115849421,-0.200560627,-0.031138215,-0.347548263
3.791332041,0,0.910867638,3.45340166,1.631666384,2.732602913
2.672268042,0,2.061831337,5.509765989,1.386103315,6.185494011
1.790698864,0,0.776568453,1.390600246,0.16253666,2.329705358
2.012182506,0,-0.186582023,-0.375437082,-0.002273037,-0.559746068
3.534116864,0,-0.509898515,-1.802040942,-0.782243911,-1.529695546
2.077291816,0,0.714076821,1.483345937,0.055192295,2.142230464
2.078437533,0,-1.035263041,-2.15172956,-0.081203479,-3.105789122
1.22073893,0,1.894849018,2.313115962,1.476582074,5.684547053
2.166559669,0,0.056793059,0.123045552,0.009459433,0.170379178
2.26532457,0,-1.700725943,-3.852696266,-0.451244379,-5.10217783
2.89078071,0,-0.064836901,-0.187429263,-0.057755461,-0.194510703
1.532111631,0,0.893158727,1.368418873,0.41789858,2.679476181
2.758374557,0,-0.237684505,-0.655622892,-0.180253881,-0.713053516
1.358263642,0,-0.88378036,-1.200406731,-0.567153989,-2.651341081
2.627671823,0,-0.268114313,-0.704516427,-0.1682878,-0.80434294
2.248330127,0,-1.425159273,-3.204228529,-0.353909983,-4.275477819
1.299924183,0,0.28272947,0.367526876,0.197932065,0.848188411
1.432598415,0,-0.158979584,-0.2277539,-0.090205268,-0.476938751
1.738606074,0,-0.141043577,-0.24521922,-0.036867934,-0.423130732
0.936114964,0,0.386238646,0.361563776,0.410913515,1.158715937
1.893631346,0,-0.473854785,-0.897306274,-0.050403296,-1.421564355
2.77110374,0,1.181902095,3.275173315,0.911369125,3.545706285
4.747403542,0,-0.846382594,-4.018119727,-2.325354538,-2.539147783
1.916065243,0,-0.231096293,-0.442795574,-0.019397011,-0.693288878
2.543567634,0,-1.541974859,-3.922117344,-0.838167626,-4.625924577
2.752861211,0,-0.125906425,-0.346602913,-0.094790063,-0.377719275
1.191325872,0,0.891538635,1.062113043,0.720964228,2.674615906
3.001119847,0,0.708696981,2.126884575,0.709490613,2.126090942
2.456052505,0,1.365484798,3.353702359,0.622732762,4.096454395
0.565749693,0,0.146941158,0.083131915,0.210750401,0.440823474
1.734695184,0,0.034376562,0.059632856,0.009120267,0.103129685
2.641769164,0,1.350904526,3.56877792,0.866968868,4.052713579
1.584978971,0,-0.364784429,-0.578175649,-0.151393209,-1.094353288
1.540424324,0,-0.820965912,-1.264635859,-0.377295964,-2.462897735
1.207505984,0,-0.44745711,-0.540307138,-0.354607082,-1.342371329
0.841460867,0,1.11965664,0.942147247,1.297166034,3.358969921
2.710889998,0,0.209283042,0.567343306,0.148777222,0.627849127
3.267601752,0,0.583689377,1.907264431,0.739885677,1.751068131
1.856848944,0,-0.686082182,-1.273950975,-0.098213389,-2.058246546
1.484971094,0,-1.018490413,-1.512428822,-0.524552003,-3.055471238
3.482891184,0,-1.134753383,-3.952222553,-1.682715787,-3.404260148
1.83741109,0,-0.45825047,-0.841994496,-0.074506444,-1.374751411
2.041709174,0,0.86737623,1.770930006,0.036177546,2.60212869
2.483039896,0,0.707050006,1.755633374,0.341533362,2.121150019
0.819872826,0,0.220163995,0.180506477,0.259821513,0.660491985
1.336426261,0,0.317229802,0.423954238,0.210505366,0.951689406
1.365350106,0,-2.308669291,-3.152141861,-1.465196721,-6.926007874
1.298036969,0,-0.764126858,-0.991864911,-0.536388806,-2.292380575
2.576850379,0,-0.257215352,-0.662805477,-0.148374773,-0.771646055
-0.113080371,0,1.171746997,-0.132501585,2.475995579,3.515240992
2.260909683,0,-0.645359266,-1.459099012,-0.168380481,-1.936077797
3.14712719,0,-1.790561856,-5.635125902,-2.054002191,-5.371685567
2.014793649,0,-1.079785525,-2.175545017,-0.015973968,-3.239356574
1.688260756,0,0.714448807,1.206175884,0.222721731,2.143346422
1.043803892,0,-1.812944734,-1.892358769,-1.733530699,-5.438834201
2.473413759,0,1.048168895,2.592555366,0.496217576,3.144506685
0.48613592,0,0.202715867,0.098547465,0.30688427,0.608147602
2.164280998,0,0.281211359,0.608620401,0.046197683,0.843634077
1.129134781,0,1.032058008,1.165332593,0.898783423,3.096174024
3.593328994,0,2.293878554,8.242660316,3.654903209,6.881635661
2.646597523,0,-0.059256027,-0.156826855,-0.038314801,-0.177768082
2.357369685,0,0.411401356,0.969825085,0.147022373,1.234204068
2.102393063,0,-1.27924168,-2.689468833,-0.130985474,-3.837725039
1.324733175,0,-0.426501851,-0.565001152,-0.288002551,-1.279505554
2.972085024,0,0.849957445,2.526145793,0.826230903,2.549872335
2.755869929,0,-1.803013212,-4.968869894,-1.362843469,-5.409039637
1.571714377,0,-0.969553966,-1.523861908,-0.415246024,-2.908661898
1.286075236,0,1.650678788,2.122897112,1.178460464,4.952036363
1.809615934,0,0.665956924,1.20512626,0.126787587,1.997870771
2.399864812,0,0.361114644,0.866626327,0.144397039,1.083343932
1.022155085,0,-0.487798794,-0.498606018,-0.47699157,-1.463396382
2.18373691,0,1.428382258,3.119211057,0.262446542,4.285146773
-0.15031053,0,-0.904252644,0.135918694,-1.944423982,-2.712757932
1.377033474,0,-2.093693696,-2.883086304,-1.304301087,-6.281081087
1.234560684,0,0.921678981,1.137868633,0.705489328,2.765036942
2.464309419,0,-1.849022807,-4.556564318,-0.858518705,-5.54706842
2.522282169,0,-1.659893691,-4.18672026,-0.866932877,-4.979681074
2.00979376,0,-0.276360236,-0.555427079,-0.002706606,-0.829080709
1.559473804,0,-0.828433722,-1.291920687,-0.364946756,-2.485301166
3.199489535,0,-0.686070902,-2.195076671,-0.822934867,-2.058212706
1.882531511,0,-0.271607769,-0.511310185,-0.031905354,-0.814823308
2.038209787,0,1.243810557,2.535146851,0.047525737,3.731431671
3.194805632,0,-0.172021422,-0.549575008,-0.205532164,-0.516064266
2.343958352,0,-2.546474599,-5.968830404,-0.875881207,-7.639423796
1.670927026,0,1.6406275,2.741368828,0.539886171,4.921882499
3.670857917,0,0.970236761,3.561601294,1.621127773,2.910710282
1.081941797,0,0.020307467,0.021971497,0.018643436,0.0609224
1.912192671,0,-2.651397746,-5.069983339,-0.232812153,-7.954193238
3.32029372,0,1.117811712,3.711463208,1.475839784,3.353435137
3.73078613,0,-0.819083406,-3.055825012,-1.4176582,-2.457250219
4.162596078,0,1.704550017,7.095353216,3.686253182,5.113650051
1.684267521,0,0.849855831,1.431384574,0.268327089,2.549567494
1.424903896,0,0.543337063,0.774203098,0.312471028,1.630011189
0.593643564,0,0.056035453,0.033265086,0.07880582,0.16810636
4.267859854,0,1.584049613,6.76050175,3.592402524,4.75214884
1.229146071,0,-1.438634546,-1.768292,-1.108977092,-4.315903638
2.380315697,0,-0.639718613,-1.522732255,-0.24329503,-1.919155838
2.605136773,0,0.086765467,0.226035908,0.052504975,0.2602964
3.019674137,0,0.466811179,1.409617644,0.475995286,1.400433537
2.474943044,0,0.417252824,1.032676974,0.198171326,1.251758471
-0.18594644,0,0.607894752,-0.113035865,1.328825369,1.823684256
2.933192167,0,0.280209894,0.821909467,0.261489678,0.840629682
2.475435421,0,-1.176267571,-2.911774409,-0.559239268,-3.528802712
2.3902816,0,-1.294233568,-3.093582684,-0.505115548,-3.882700704
1.272671849,0,-0.318740706,-0.405652323,-0.231829088,-0.956222117
2.986555948,0,0.845857571,2.52620096,0.834485818,2.537572713
3.423983599,0,0.0590417,0.202157814,0.084074413,0.177125101
2.484730511,0,0.280053129,0.695856554,0.135750296,0.840159387
2.349236446,0,-0.836591212,-1.965350566,-0.292168142,-2.509773637
2.86012425,0,0.653533164,1.869186049,0.562119722,1.960599491
2.404611145,0,-0.902540962,-2.170260055,-0.365178132,-2.707622885
2.367044921,0,-2.032552015,-4.811141924,-0.746037894,-6.097656044
0.48080095,0,1.342896525,0.645665926,2.040127125,4.028689576
3.549803332,0,-0.099604706,-0.353577115,-0.154367704,-0.298814117
2.499881066,0,-1.320545782,-3.301207397,-0.660115833,-3.961637347
2.460872852,0,0.490032053,1.205906575,0.225842469,1.470096158
4.076709933,0,-0.137010349,-0.558551449,-0.284530752,-0.411031046
1.692349434,0,-0.054301624,-0.091897323,-0.016705925,-0.162904873
2.952370885,0,-0.64471568,-1.903439802,-0.614008443,-1.934147039
2.532788293,0,0.02039161,0.05164763,0.010864411,0.061174829
1.904452292,0,-0.270451018,-0.515061061,-0.025840975,-0.811353055
1.857936622,0,-0.47223243,-0.877377925,-0.067086934,-1.416697289
0.816974289,0,-2.137675349,-1.746425799,-2.5289249,-6.413026048
2.54531841,0,0.097327073,0.247728392,0.053074245,0.29198122
-0.581855443,0,-0.379328576,0.220714397,-0.979371549,-1.137985728
2.778900031,0,0.434192903,1.206578671,0.338192865,1.302578709
2.292940303,0,-0.115664295,-0.265211323,-0.033882733,-0.346992884
1.913292095,0,-1.298970468,-2.485309928,-0.112631008,-3.896911405
0.533640505,0,-1.447406493,-0.772394731,-2.122418255,-4.342219479
0.916820551,0,0.117876701,0.108071782,0.12768162,0.353630102
3.057737367,0,-0.713256538,-2.180951169,-0.754438093,-2.139769614
1.639679199,0,-1.510395777,-2.476564538,-0.544227015,-4.53118733
2.350593765,0,-0.291504389,-0.685208398,-0.102199621,-0.874513166
2.028257656,0,-0.890669215,-1.806506654,-0.025168224,-2.672007644
2.473048261,0,-0.685476756,-1.6952171,-0.324263587,-2.056430268
1.080845272,0,-0.063932289,-0.069100913,-0.058763666,-0.191796868
1.624176564,0,-0.26965804,-0.437972269,-0.101343811,-0.808974121
0.187166236,0,-3.334675364,-0.624138635,-6.045212092,-10.00402609
2.288600211,0,1.051273762,2.405945355,0.30339783,3.153821287
1.810377419,0,1.291019567,2.337232671,0.244806463,3.873058701
2.017860213,0,1.238249067,2.498613526,0.022115392,3.714747201
2.650430242,0,-1.901656314,-5.040207406,-1.236894777,-5.704968943
2.310254985,0,-0.442676357,-1.02269526,-0.137342547,-1.328029071
3.668357169,0,1.237264686,4.53872878,2.064199409,3.711794058
2.672614534,0,-0.034628604,-0.09254891,-0.023291702,-0.103885811
1.722482012,0,0.870557708,1.499519992,0.241595423,2.611673123
1.853973608,0,-1.358353527,-2.51835159,-0.198355465,-4.075060581
3.701431832,0,0.215011232,0.795849419,0.365826954,0.645033696
2.471357881,0,0.449079189,1.109835392,0.211677015,1.347237566
2.581700079,0,1.204461785,3.109559084,0.700635515,3.613385354
2.666020696,0,1.162176742,3.098387247,0.774033763,3.486530226
1.221097775,0,0.190854337,0.233051806,0.148656868,0.572563011
3.163324848,0,-0.559199403,-1.768929365,-0.65053056,-1.677598208
0.035455805,0,-1.184502097,-0.041997475,-2.327006719,-3.553506291
2.769170668,0,-0.112966313,-0.312823,-0.086890374,-0.338898939
4.259771993,0,1.029246784,4.384356623,2.325863056,3.087740351
1.522727709,0,-0.687589335,-1.047011333,-0.328167338,-2.062768006
1.897419491,0,-0.349450309,-0.663053827,-0.03584679,-1.048350926
2.368696176,0,-0.147656106,-0.349752454,-0.054440242,-0.442968318
1.464567006,0,0.427033657,0.625419405,0.22864791,1.281100972
2.506601941,0,-1.486969909,-3.727241662,-0.753301843,-4.460909728
1.849442902,0,0.558629047,1.033152526,0.084105568,1.675887141
2.904243556,0,-0.235439676,-0.683774161,-0.21289481,-0.706319027
4.242036137,0,0.215797962,0.915422751,0.483826828,0.647393885
0.804877109,0,-0.071743414,-0.057744632,-0.085742196,-0.215230242
1.581477434,0,-1.651181269,-2.611305916,-0.691056622,-4.953543806
2.798251395,0,-0.733304145,-2.051969347,-0.585361057,-2.199912436
2.498172163,0,-0.001886289,-0.004712274,-9.40E-04,-0.005658866
2.119560223,0,0.700392754,1.484524622,0.083739114,2.101178262
1.632797281,0,0.785836536,1.283111759,0.288561313,2.357509608
2.262331085,0,-1.024709689,-2.318232582,-0.268813204,-3.074129067
2.262704125,0,-0.374094591,-0.846465373,-0.098276192,-1.122283772
2.640738878,0,-0.743648961,-1.963782722,-0.476484801,-2.230946882
2.307089831,0,-0.674708287,-1.556612629,-0.207196054,-2.024124862
1.966870599,0,-0.676335421,-1.330264255,-0.022406587,-2.029006263
0.625249473,0,-0.973637503,-0.608766336,-1.33850867,-2.920912509
2.627965113,0,-0.764557394,-2.009230159,-0.480115371,-2.293672183
2.002143951,0,0.979195951,1.96049125,0.002099348,2.937587853
2.284377723,0,1.173832618,2.681477083,0.333811847,3.521497854
0.998220914,0,1.374666415,1.372220765,1.377112065,4.123999246
1.382778071,0,1.20273835,1.663120216,0.742356484,3.608215049
2.828194239,0,0.026949367,0.076218045,0.022319311,0.080848101
1.915181354,0,0.711260302,1.362192469,0.060328136,2.133780907
1.565280083,0,-0.091452376,-0.143148583,-0.03975617,-0.274357129
0.795164711,0,-0.116861628,-0.092924243,-0.140799013,-0.350584884
0.97931312,0,-1.125788934,-1.102499874,-1.149077995,-3.377366803
1.028770797,0,1.139871435,1.172666445,1.107076425,3.419614305
1.839086638,0,-0.459491238,-0.845044195,-0.07393828,-1.378473713
3.204687035,0,-0.920665191,-2.950443801,-1.109113419,-2.761995573
2.066746217,0,-0.303930779,-0.628147788,-0.02028623,-0.911792337
1.117542316,0,0.267685253,0.299149598,0.236220908,0.80305576
1.980080262,0,-1.256961003,-2.488883672,-0.025038334,-3.770883009
2.32801648,0,1.552993289,3.615393969,0.509407392,4.658979866
1.069371383,0,3.289022211,3.517186232,3.060858191,9.867066633
0.868585032,0,1.430687573,1.242673811,1.618701335,4.292062719
3.086230389,0,1.402933285,4.329775337,1.523908768,4.208799854
2.514242102,0,0.020715066,0.05208269,0.010652559,0.062145197
2.293168381,0,1.222089885,2.802457882,0.358278113,3.666269654
1.43734517,0,-0.577103633,-0.82949712,-0.324710147,-1.7313109
2.207142724,0,0.825420146,1.821820068,0.170979777,2.476260437
3.228077457,0,0.382837248,1.235828292,0.470153795,1.148511745
1.569987431,0,-1.21166258,-1.90229502,-0.521030139,-3.634987739
3.331908352,0,1.116296508,3.719397659,1.486804643,3.348889525
1.236732844,0,-0.818011975,-1.011662277,-0.624361674,-2.454035926
3.232318832,0,-0.444864848,-1.437945026,-0.54821533,-1.334594544
2.609058663,0,0.84466129,2.203770855,0.514448276,2.533983869
1.177459916,0,0.951259179,1.120069553,0.782448805,2.853777537
1.952351644,0,-0.862401297,-1.68371059,-0.041092004,-2.587203891
2.170678011,0,0.612258117,1.329015231,0.104498997,1.83677435
0.774928674,0,-0.105020523,-0.081383415,-0.128657631,-0.315061569
2.387332884,0,-0.753762264,-1.799481439,-0.291956912,-2.261286791
2.490667777,0,-2.771492801,-6.902867814,-1.359882212,-8.314478403
4.239126084,0,-0.098643426,-0.418161922,-0.220875069,-0.295930279
2.892212309,0,-0.862521184,-2.494594384,-0.769552017,-2.587563551
2.798932584,0,0.01191442,0.033347658,0.009518818,0.03574326
3.935442769,0,0.227902422,0.896896937,0.441092094,0.683707265
2.3942499,0,0.754868073,1.807342809,0.297606662,2.26460422
2.632521494,0,0.210220921,0.553411094,0.132969251,0.630662764
2.102591102,0,-0.653579835,-1.374211146,-0.067051476,-1.960739506
3.010210998,0,0.251850899,0.758124347,0.254422548,0.755552698
3.214678385,0,-0.415650358,-1.336182222,-0.504881506,-1.246951074
2.500870658,0,-0.192023639,-0.480226284,-0.096179006,-0.576070917
1.090532049,0,0.132729411,0.144745677,0.120713146,0.398188233
-0.197208512,0,0.24447876,-0.048213292,0.537170812,0.733436279
2.438545322,0,1.304879649,3.182008164,0.572248866,3.914638947
0.97058517,0,-0.940724066,-0.913052827,-0.968395304,-2.822172197
2.713078104,0,1.336900419,3.627115253,0.953314416,4.010701256
3.028268539,0,1.835931706,5.559694226,1.887830813,5.507795118
1.429367275,0,-0.70393477,-1.006181324,-0.401688216,-2.11180431
1.565991318,0,-0.489700073,-0.766866063,-0.212534083,-1.46910022
3.005317465,0,-0.862239419,-2.591303184,-0.866824346,-2.586718256
3.203544816,0,0.678578787,2.173857555,0.816699981,2.035736361
3.496182697,0,-1.368706545,-4.78524814,-2.04783505,-4.106119636
1.843401568,0,1.107931265,2.042362231,0.173500299,3.323793795
1.06396948,0,-0.75166461,-0.799748204,-0.703581015,-2.25499383
2.352538646,0,-0.86086257,-2.025212466,-0.303487325,-2.582587711
0.713811353,0,0.550004482,0.392599444,0.70740952,1.650013446
1.727477145,0,-0.497398031,-0.859243731,-0.135552332,-1.492194094
2.156914837,0,0.290913909,0.627476526,0.045648709,0.872741726
1.118187132,0,1.742642954,1.948600926,1.536684981,5.227928861
1.878102175,0,0.171098041,0.321339603,0.020856479,0.513294123
1.144749327,0,1.666230924,1.907416729,1.425045118,4.998692772
0.994271265,0,0.280513906,0.278906917,0.282120896,0.841541719
1.086047609,0,1.332595105,1.447261728,1.217928482,3.997785314
-0.078233659,0,0.808199641,-0.063228415,1.679627698,2.424598924
1.859352876,0,0.394439998,0.733403145,0.055476851,1.183319994
3.29963765,0,-1.196498798,-3.948012481,-1.555014886,-3.589496394
1.970631217,0,-1.029293493,-2.028357889,-0.030229097,-3.087880479
-0.236621838,0,-2.969978984,0.702761885,-6.642719853,-8.909936953
2.545030066,0,0.148736081,0.378537797,0.081065636,0.446208242
2.830842052,0,-0.289151646,-0.818542638,-0.240239347,-0.867454937
1.502420857,0,0.417479875,0.627230471,0.207729278,1.252439624
1.398972596,0,-0.077951109,-0.109051466,-0.046850753,-0.233853328
1.487802186,0,0.679945792,1.011624835,0.348266748,2.039837375
1.99506762,0,0.150988578,0.301232424,7.45E-04,0.452965735
1.902852087,0,-0.838140626,-1.59485764,-0.081423612,-2.514421878
1.975964603,0,1.832868892,3.621684052,0.044053732,5.498606677
1.872609662,0,-1.209772076,-2.265430879,-0.154113273,-3.629316229
1.86811438,0,0.377401902,0.70502992,0.049773884,1.132205707
2.453742255,0,-1.07929478,-2.648311208,-0.489721648,-3.237884341
0.593664166,0,0.013191786,0.007831491,0.018552081,0.039575357
2.210930787,0,-0.096264021,-0.212833088,-0.020305046,-0.288792063
2.752336089,0,-0.500069379,-1.376358998,-0.376220241,-1.500208136
2.138379547,0,1.120097178,2.395192897,0.15499854,3.360291535
2.159680012,0,-0.723007719,-1.56146532,-0.115449882,-2.169023158
2.228435318,0,0.009590228,0.021371202,0.002190747,0.028770683
0.837216283,0,-0.628588185,-0.526264264,-0.730912106,-1.885764555
2.854658519,0,-0.50444345,-1.440013791,-0.431126892,-1.513330349
1.757904121,0,-0.085978051,-0.15114117,-0.020814932,-0.257934153
-0.015995422,0,-0.203284546,0.003251622,-0.409820713,-0.609853637
1.772309507,0,3.049686209,5.40498786,0.694384557,9.149058626
2.224169833,0,-0.986570999,-2.194301454,-0.221159456,-2.959712998
1.263175078,0,1.173330574,1.48212194,0.864539208,3.519991722
1.153289259,0,0.319239739,0.368175762,0.270303716,0.957719217
1.88854114,0,-0.5273298,-0.995884021,-0.058775578,-1.581989399
1.688398344,0,0.283861981,0.479272099,0.088451864,0.851585944
0.579676142,1,-0.174622556,-0.101224529,-0.248020582,-1.047735335
-0.466938647,1,-0.670616658,0.313136835,-1.654370151,-4.023699949
2.484715835,1,0.50742575,1.260808797,0.245957296,3.044554501
1.062027689,1,1.247434303,1.32480977,1.170058835,7.484605816
5.330733306,1,-1.248275542,-6.654224007,-4.157672923,-7.489653253
1.837054537,1,-1.934718658,-3.554183688,-0.315253628,-11.60831195
2.220455785,1,-0.763862516,-1.696122942,-0.16839791,-4.583175095
2.876210812,1,1.427088741,4.104608066,1.250430584,8.562532445
-0.148962952,1,-0.263336918,0.039227445,-0.56590128,-1.580021507
1.766248647,1,0.586125356,1.035243118,0.137007595,3.516752139
0.001507154,1,1.021322141,0.00153929,2.041104992,6.127932845
0.7652196,1,1.747731622,1.337398493,2.15806475,10.48638973
2.846303718,1,1.021403766,2.907225336,0.864417804,6.128422596
1.953505182,1,0.066536013,0.129978446,0.00309358,0.399216079
2.403642765,1,-0.309739573,-0.744503284,-0.125024138,-1.858437439
2.76745466,1,-2.132375834,-5.901253441,-1.636501772,-12.79425501
2.867101502,1,-0.322380915,-0.924298806,-0.279536976,-1.934285491
0.745418851,1,0.505349791,0.376697261,0.634002322,3.032098747
1.84220201,1,-1.027557406,-1.892968319,-0.162146493,-6.165344435
1.48768322,1,1.16087864,1.727019673,0.594737606,6.96527184
2.413020868,1,0.678678001,1.637664178,0.280308177,4.072068003
2.564256261,1,-0.574900472,-1.474192136,-0.324391191,-3.449402835
2.726065952,1,0.044894185,0.122384508,0.032596139,0.269365108
1.584897785,1,0.329923094,0.52289438,0.136951807,1.979538562
2.0416153,1,-0.316728568,-0.64663789,-0.013180754,-1.900371406
2.224292051,1,0.551509488,1.226718169,0.123699194,3.309056927
2.78640914,1,-0.54018481,-1.505175892,-0.424806272,-3.241108859
1.576637163,1,0.128417652,0.202468043,0.054367262,0.770505912
1.632466043,1,1.775904862,2.899104383,0.65270534,10.65542917
0.232979694,1,-0.871930155,-0.203142021,-1.540718289,-5.231580928
1.816462124,1,-0.74512524,-1.353491776,-0.136758704,-4.470751438
2.834871997,1,1.156177803,3.277616077,0.965260471,6.937066817
1.412799489,1,0.124097653,0.1753251,0.072870205,0.744585915
1.641067597,1,0.901342901,1.479164629,0.323521173,5.408057405
4.114128836,1,0.073058036,0.300570171,0.1544541,0.438348214
2.645411052,1,-0.476752365,-1.261205976,-0.307701246,-2.86051419
1.687680044,1,0.876341416,1.47898392,0.273698912,5.258048495
3.185448283,1,-0.100986036,-0.321685794,-0.119713723,-0.605916215
2.553798964,1,-1.920784294,-4.90529694,-1.063728352,-11.52470576
1.946246061,1,1.402968989,2.73052287,0.075415109,8.417813937
4.127463035,1,-2.066795672,-8.530622738,-4.397031393,-12.40077403
1.812293521,1,-0.328137917,-0.594682221,-0.061593613,-1.968827502
2.098757845,1,-1.548883815,-3.250732059,-0.152964428,-9.293302893
3.910378149,1,0.236518356,0.924876212,0.451839499,1.419110137
3.621455716,1,-0.176512557,-0.63923241,-0.286207295,-1.059075344
4.093067995,1,0.888191791,3.635429395,1.859045812,5.329150749
1.307764072,1,-2.156051722,-2.819606979,-1.492496464,-12.93631033
-0.287198111,1,0.674902939,-0.193830849,1.543636727,4.049417633
0.344398325,1,1.266474573,0.436171722,2.096777425,7.59884744
2.569509418,1,0.359137851,0.922808089,0.204532388,2.154827104
1.528777413,1,1.040038219,1.589986939,0.4900895,6.240229316
1.966790323,1,0.567361014,1.115880151,0.018841876,3.404166081
2.377367068,1,-0.7341842,-1.745425338,-0.277056939,-4.405105198
3.157718001,1,-1.441932255,-4.553215438,-1.669350928,-8.65159353
3.39865,1,-1.086363604,-3.692169662,-1.519442454,-6.518181623
4.118503931,1,-1.00530536,-4.140354077,-2.129743357,-6.031832161
0.91254013,1,-0.4290186,-0.391496689,-0.466540511,-2.574111599
3.216033387,1,0.018038424,0.058012173,0.021935325,0.108230542
2.677225305,1,-0.667429187,-1.786858308,-0.451999934,-4.004575121
1.273623092,1,0.968218245,1.233145115,0.703291375,5.809309471
2.112843942,1,1.391052926,2.939077748,0.156971895,8.346317557
2.065213575,1,-0.194148446,-0.400958007,-0.012661114,-1.164890678
1.369372789,1,-0.48915772,-0.669839272,-0.308476169,-2.934946322
2.518855463,1,-0.524053527,-1.320015089,-0.271908035,-3.144321161
1.1970555,1,-0.535994038,-0.641614612,-0.430373465,-3.215964231
1.318376799,1,-1.135895456,-1.497538215,-0.774252697,-6.815372736
1.962837278,1,-1.117888116,-2.194232466,-0.041543765,-6.707328694
1.712725685,1,-1.248315797,-2.138022528,-0.358609066,-7.489894782
0.973972833,1,-0.914279306,-0.890483206,-0.938075407,-5.485675839
3.398359185,1,0.733180398,2.491610341,1.025249544,4.39908239
2.836690246,1,1.768734343,5.017351457,1.479882772,10.61240606
1.670103736,1,0.019397138,0.032395233,0.006399043,0.11638283
2.534802256,1,-0.021126808,-0.053552279,-0.011298664,-0.126760845
0.792746811,1,-0.206003659,-0.163308744,-0.248698575,-1.236021956
2.628767315,1,-1.029531584,-2.706398977,-0.64733581,-6.177189502
2.576164733,1,-1.699159144,-4.377313863,-0.978995574,-10.19495486
3.236223879,1,-0.672123269,-2.175141374,-0.830894835,-4.032739616
2.475539638,1,1.824964442,4.517771815,0.86784293,10.94978665
0.452852512,1,-1.526648624,-0.691346664,-2.361950585,-9.159891746
2.055468798,1,0.611491603,1.256901909,0.033918704,3.668949616
2.680062091,1,-0.271248846,-0.726963749,-0.184466057,-1.627493075
0.64979843,1,-1.334088687,-0.866888734,-1.801288639,-8.004532121
2.245102444,1,2.345453822,5.26578411,0.574876465,14.07272293
1.692651464,1,1.234337002,2.089302333,0.37937167,7.406022011
2.731364567,1,1.5250579,4.16548911,1.11537331,9.1503474
2.201381806,1,0.581108802,1.279242343,0.11702474,3.48665281
0.424537167,1,-2.361100215,-1.002374797,-3.719825634,-14.16660129
2.023538777,1,-0.076843955,-0.155496724,-0.001808813,-0.461063733
2.801641111,1,1.380426392,3.86745933,1.106606547,8.282558351
-0.555627375,1,0.001432386,-7.96E-04,0.003660645,0.008594316
1.473089319,1,-0.39043859,-0.575150917,-0.205726263,-2.34263154
0.687141109,1,0.43182372,0.29672383,0.56692361,2.590942319
2.800861346,1,0.629972931,1.764466833,0.50452097,3.779837588
2.713100771,1,-1.590389038,-4.314885723,-1.134107648,-9.542334226
3.031914863,1,0.587847119,1.782302417,0.606608179,3.527082713
3.681808498,1,0.295865661,1.089320707,0.497589384,1.775193969
1.773689604,1,-0.820627981,-1.455539319,-0.185716643,-4.923767885
1.802070968,1,0.349401053,0.629645495,0.069156612,2.096406321
3.043702252,1,-1.377753332,-4.193470921,-1.437964256,-8.266519994
1.558262652,1,-0.863762462,-1.345968785,-0.381556139,-5.182574771
0.363370903,1,0.747993015,0.271798897,1.224187132,4.487958088
2.211562593,1,1.307128569,2.890796649,0.27653951,7.842771417
1.535168272,1,-0.587829569,-0.902417303,-0.273241835,-3.526977413
1.337642788,1,-1.133579074,-1.516323873,-0.750834275,-6.801474446
1.867046403,1,-0.781604567,-1.459291995,-0.103917139,-4.689627402
0.67829829,1,1.083198349,0.734731588,1.431665109,6.499190092
2.076692781,1,0.459888811,0.955047775,0.035270152,2.759332868
1.615009121,1,-0.489862326,-0.791132125,-0.188592528,-2.939173957
2.947306445,1,0.075506178,0.222539845,0.071527489,0.453037067
2.021686272,1,1.922218881,3.886123523,0.041685761,11.53331328
1.541705992,1,0.127680156,0.196845262,0.058515051,0.766080938
2.228862145,1,1.123922215,2.505067678,0.257223249,6.743533289
0.603592372,1,1.226658808,0.740401899,1.712915717,7.35995285
2.924294202,1,1.031377347,3.016050797,0.953296102,6.188264084
2.066216041,1,0.067936345,0.140371167,0.004498476,0.407618072
2.802890842,1,-0.996959949,-2.794369912,-0.800450013,-5.981759697
1.939474739,1,-1.167871041,-2.265056382,-0.0706857,-7.007226245
2.089328619,1,-0.603100131,-1.260074364,-0.053874102,-3.618600787
2.401311376,1,0.728380228,1.749067727,0.292307272,4.370281366
1.111439396,1,-0.616519168,-0.685223692,-0.547814644,-3.699115007
3.449169425,1,-0.262408916,-0.905092809,-0.380274977,-1.574453494
2.205510472,1,-1.26620172,-2.792621153,-0.260217713,-7.597210319
1.943880032,1,-0.902752302,-1.754842174,-0.05066243,-5.416513811
1.360140545,1,0.146091491,0.19870496,0.093478022,0.876548943
2.717780999,1,1.33842436,3.637544294,0.960695574,8.03054616
1.935499709,1,0.666873431,1.290733331,0.04301353,4.001240585
2.132429596,1,-0.63438059,-1.352771945,-0.084010765,-3.80628354
2.034715085,1,1.208760623,2.459483474,0.041962227,7.252563739
2.281652635,1,0.932657017,2.127999341,0.262685306,5.595942105
2.919278255,1,0.665038214,1.941431598,0.611355169,3.990229286
0.957276847,1,-0.182851518,-0.175039525,-0.190663511,-1.097109108
1.78637732,1,-0.591407277,-1.056476546,-0.126338008,-3.54844366
3.777947077,1,-0.806172572,-3.045677312,-1.433332168,-4.837035433
3.460940862,1,-0.209876754,-0.726371035,-0.306617526,-1.259260525
1.635449177,1,-0.352546826,-0.576572416,-0.128521235,-2.115280955
1.386839579,1,0.111815198,0.155069742,0.068560654,0.670891186
2.49590678,1,-0.114083655,-0.284742169,-0.056574858,-0.684501932
2.245638586,1,0.101224305,0.227313206,0.024864595,0.607345832
1.87209519,1,0.207849091,0.389113283,0.026584898,1.247094544
0.749560582,1,0.220208745,0.165059795,0.275357695,1.321252469
3.634350961,1,-1.031777854,-3.749842837,-1.686287128,-6.190667126
2.975435764,1,-0.330932977,-0.984669817,-0.322803862,-1.985597864
3.084077938,1,-0.317692064,-0.979787085,-0.344402957,-1.906152383
1.640612729,1,0.388304254,0.637056901,0.139551606,2.329825522
0.984480327,1,-0.775576432,-0.763539739,-0.787613124,-4.653458589
3.335521473,1,-0.173296372,-0.57803377,-0.231441026,-1.039778232
1.844437724,1,2.700156534,4.980270571,0.420042496,16.2009392
2.926608498,1,1.851660714,5.419085981,1.715764553,11.10996428
2.889245688,1,0.799017307,2.30855731,0.710522695,4.794103844
2.145116992,1,-0.008937892,-0.019172823,-0.00129704,-0.05362735
1.181353374,1,-0.113555657,-0.134149358,-0.092961955,-0.681333942
0.763177139,1,-1.779820561,-1.358318363,-2.201322759,-10.67892337
4.317225646,1,-0.158402485,-0.68385927,-0.3670543,-0.950414909
2.050724308,1,1.112767933,2.28198025,0.056444384,6.676607598
2.29083551,1,1.918488388,4.394941323,0.557964548,11.51093033
0.18871026,1,-1.613377495,-0.304460887,-2.922294103,-9.68026497
0.854852314,1,0.371769307,0.317807852,0.425730762,2.230615842
3.280872822,1,-0.923443585,-3.02970096,-1.182813791,-5.540661509
0.640529979,1,-2.304104429,-1.475847962,-3.132360897,-13.82462658
3.884970737,1,-0.27664145,-1.07474394,-0.521461039,-1.659848703
0.63139844,1,-0.537287976,-0.33924279,-0.735333163,-3.223727857
2.543940412,1,-0.067516946,-0.171759087,-0.036725195,-0.405101675
0.761969832,1,-1.652377421,-1.259061745,-2.045693097,-9.914264528
3.877132343,1,1.393098217,5.401226152,2.615029719,8.3585893
0.554189928,1,-0.338886041,-0.187807231,-0.489964851,-2.033316245
1.846632602,1,-0.075326154,-0.139099732,-0.011552576,-0.451956926
1.05431138,1,-0.702812147,-0.740982845,-0.66464145,-4.216872885
2.312404994,1,1.341140898,3.101260909,0.418979114,8.046845385
2.274724375,1,-0.2371518,-0.53945498,-0.06515138,-1.4229108
1.684557684,1,0.317923161,0.535559904,0.100286418,1.907538967
1.615632402,1,-0.422384644,-0.682418317,-0.162350971,-2.534307865
0.571064268,1,-1.265947514,-0.72293739,-1.808957638,-7.595685084
2.963417689,1,-0.084866724,-0.251495551,-0.081762103,-0.509200344
2.613781621,1,0.497415041,1.300134291,0.30530421,2.984490243
1.631445567,1,1.67471877,2.732212512,0.617225027,10.04831262
0.19295534,1,0.878620711,0.169534558,1.587706864,5.271724269
3.355438443,1,-0.265201785,-0.889868265,-0.359464695,-1.591210711
2.445680166,1,-0.368942366,-0.902315028,-0.164430295,-2.213654198
2.164794791,1,0.047416581,0.102647167,0.007814006,0.284499484
2.029977766,1,-0.918326905,-1.864183198,-0.027529389,-5.509961428
1.323887086,1,-0.748233029,-0.990576045,-0.505890014,-4.489398176
3.136049651,1,1.566873247,4.913792299,1.780045806,9.40123948
4.169332127,1,-0.676873287,-2.822109542,-1.468362968,-4.061239722
0.91098071,1,-1.64039632,-1.494369404,-1.786423235,-9.842377918
0.897273903,1,-0.543869979,-0.488000339,-0.59973962,-3.263219874
3.302636174,1,0.800526281,2.643847053,1.042794491,4.803157685
-0.77832551,1,-0.694628676,0.540647219,-1.929904572,-4.167772058
2.341311561,1,-1.218270155,-2.852349998,-0.415809688,-7.30962093
1.776450214,1,-0.472641434,-0.839623976,-0.105658891,-2.835848604
1.801228405,1,1.217537348,2.193062855,0.242011841,7.305224086
3.63330268,1,1.225465622,4.452487529,2.001556284,7.352793732
0.130378487,1,-0.532487615,-0.069424929,-0.9955503,-3.194925688
1.749911153,1,-1.601062758,-2.801717577,-0.400407939,-9.606376549
0.629240666,1,-2.810503373,-1.768483015,-3.852523731,-16.86302024
3.451261844,1,0.123511378,0.426270108,0.179247351,0.741068271
-0.137909775,1,-0.15601416,0.021515878,-0.333544198,-0.93608496
1.422738952,1,0.520191674,0.740096957,0.300286391,3.121150043
2.236449452,1,-0.895101962,-2.001850292,-0.211646368,-5.370611772
3.099856563,1,1.344346306,4.167280719,1.478588108,8.066077835
2.561282714,1,-0.345904387,-0.885958927,-0.194150153,-2.075426322
4.303627005,1,-0.029483619,-0.126886499,-0.067919261,-0.176901714
4.020895897,1,1.308410301,5.260981612,2.644161009,7.850461808
1.942121481,1,1.977903294,3.841328476,0.114478113,11.86741977
2.442093376,1,-2.312866601,-5.648236205,-1.022503003,-13.87719961
0.69666886,1,0.129948038,0.090530751,0.169365324,0.779688226
1.964779572,1,-2.506086631,-4.923907817,-0.088265444,-15.03651978
2.924254316,1,-0.671374718,-1.963270417,-0.620520981,-4.028248308
1.639171667,1,-0.24475018,-0.40118756,-0.088312799,-1.468501078
2.467172681,1,-0.816734827,-2.015025854,-0.381556199,-4.900408965
1.798763139,1,0.491471631,0.884041054,0.098902208,2.948829787
1.994652657,1,-0.112294398,-0.223988318,-6.00E-04,-0.673766385
1.466996713,1,0.226429332,0.332171086,0.120687578,1.358575993
1.484584859,1,-0.593503358,-0.881106099,-0.305900617,-3.561020148
1.915089091,1,0.041706967,0.079872557,0.003541376,0.250241801
2.43593334,1,-0.994080566,-2.421513995,-0.433352862,-5.964483399
2.997954244,1,-1.223460157,-3.667877571,-1.220957256,-7.340760944
0.836810739,1,1.364735956,1.142025704,1.587446208,8.188415736
3.680893838,1,-0.53470021,-1.968174707,-0.898774288,-3.208201258
3.217120513,1,0.567579458,1.825971516,0.690812601,3.405476746
1.972561173,1,1.734922635,3.422241029,0.047604242,10.40953581
1.708454396,1,-0.956901203,-1.634822067,-0.27898034,-5.741407219
2.972627821,1,0.536674764,1.595334334,0.521984806,3.220048582
1.760293271,1,0.725042624,1.276287652,0.173797596,4.350255745
1.098282324,1,0.061138369,0.06714719,0.055129548,0.366830212
1.368825675,1,0.004462557,0.006108462,0.002816651,0.026775341
0.374024915,1,0.488527825,0.182721578,0.794334072,2.93116695
-0.149495945,1,0.567560767,-0.084848033,1.219969567,3.405364601
4.112627923,1,-0.069101786,-0.284189935,-0.145986363,-0.414610716
2.269080433,1,-0.062833735,-0.142574799,-0.016907329,-0.377002412
1.480527844,1,0.695446456,1.029627843,0.36126507,4.172678739
1.984265556,1,-1.668009736,-3.309774265,-0.026245206,-10.00805841
1.848747081,1,0.809997113,1.497479798,0.122514428,4.859982678
2.088231354,1,0.38543069,0.804868451,0.034007072,2.312584138
2.778902512,1,-0.691960212,-1.922889971,-0.538969547,-4.151761272
2.386720138,1,-0.443428572,-1.058339903,-0.171482759,-2.660571435
2.347953467,1,1.385137987,3.252239538,0.481963565,8.31082792
0.100428621,1,0.822843885,0.082637076,1.563050693,4.937063307
1.942317584,1,0.593420078,1.152610253,0.034229904,3.560520469
1.528695014,1,-0.421320112,-0.644069954,-0.19857027,-2.527920672
2.634731298,1,-0.016276815,-0.042885034,-0.010331404,-0.097660891
1.039256307,1,1.098810344,1.14194558,1.055675107,6.592862063
1.195175389,1,1.281051528,1.531081259,1.031021797,7.686309168
1.504053238,1,-1.022450592,-1.537820124,-0.507081061,-6.134703553
1.581523016,1,-1.161775857,-1.837375257,-0.486176457,-6.97065514
1.34501555,1,-1.737620629,-2.337126766,-1.138114492,-10.42572377
3.39548649,1,0.463883493,1.575110134,0.647343148,2.78330096
5.093696628,1,0.030603925,0.155887111,0.094679261,0.183623552
3.900825631,1,0.516910552,2.016377932,0.982556827,3.101463314
1.604681007,1,0.431947947,0.693138666,0.170757227,2.591687681
1.413297627,1,0.117770753,0.166445125,0.06909638,0.706624516
2.461765386,1,1.386800834,3.413978291,0.640376623,8.320805004
2.097209339,1,1.310803565,2.749029478,0.127422348,7.864821392
2.676025564,1,-0.245845863,-0.657889815,-0.166198088,-1.47507518
1.251229459,1,0.424737455,0.531444016,0.318030894,2.548424729
3.025552552,1,0.178541198,0.540185777,0.183103381,1.071247187
1.303404615,1,0.109110586,0.142215242,0.076005931,0.654663518
0.722864564,1,-0.345157014,-0.249501774,-0.440812253,-2.070942083
1.907576272,1,-1.112184141,-2.121576078,-0.102792205,-6.673104848
3.847463612,1,0.564665809,2.172531152,1.043199534,3.387994852
1.070370544,1,0.207867314,0.22249505,0.193239578,1.247203885
0.969199843,1,-0.315336039,-0.30562364,-0.325048438,-1.892016234
0.680485645,1,1.630547358,1.109564071,2.151530644,9.783284145
1.915794298,1,-0.603987673,-1.157116139,-0.050859206,-3.623926036
2.773902207,1,0.008065666,0.022373369,0.006242037,0.048393997
1.840052627,1,0.036229463,0.066664118,0.005794807,0.217376776
2.863307542,1,-0.217646531,-0.623188953,-0.187895891,-1.305879184
2.969370878,1,0.838158212,2.488802587,0.812486162,5.028949274
2.61412904,1,1.867592242,4.882127114,1.146942631,11.20555345
4.496918507,1,-1.348170126,-6.062611191,-3.366270938,-8.089020757
3.155264882,1,1.936754809,6.110974435,2.237464816,11.62052886
3.874871617,1,0.909853452,3.525565315,1.705858412,5.459120709
1.762442543,1,-1.870408121,-3.296486845,-0.444329396,-11.22244872
1.547220462,1,0.143874795,0.222606026,0.065143563,0.863248768
1.283248488,1,-0.306846352,-0.393760117,-0.219932587,-1.841078113
2.488934268,1,1.483582301,3.692538829,0.725374226,8.901493809
2.834201584,1,-0.978629949,-2.773634552,-0.816374654,-5.871779694
2.925864815,1,-0.864351689,-2.528976196,-0.800272817,-5.186110137
2.943155152,1,-0.864719256,-2.545002933,-0.815564421,-5.188315535
1.439925545,1,1.370937541,1.974047986,0.767827097,8.225625249
2.687699284,1,0.187687669,0.504448015,0.129072676,1.126126017
2.21982542,1,-2.774248918,-6.15834827,-0.609850434,-16.64549351
0.994762611,1,0.017962518,0.017868441,0.018056594,0.107775106
2.373101164,1,-1.562513234,-3.708001973,-0.582975506,-9.375079403
2.469391569,1,0.654968765,1.617374347,0.307436816,3.929812592
2.064626078,1,2.350219784,4.852325055,0.151885486,14.10131871
3.004815442,1,-0.56018262,-1.683245387,-0.562880147,-3.36109572
1.62617058,1,0.101989478,0.165852289,0.038126668,0.611936871
2.936108504,1,0.19536,0.573598157,0.182878157,1.17216
2.844988589,1,0.257643736,0.732993488,0.217706017,1.545862414
3.092658159,1,-0.478839922,-1.480888191,-0.523208348,-2.873039531
2.629244598,1,0.132821752,0.349220874,0.08357737,0.796930512
3.037234578,1,-0.529236443,-1.607415224,-0.548942339,-3.175418657
2.870617069,1,0.44261125,1.270567409,0.385344909,2.655667499
1.372591615,1,0.689452508,0.946336731,0.432568284,4.136715047
2.435728988,1,-0.764094429,-1.861126951,-0.332938092,-4.584566576
2.239406941,1,0.087365996,0.195648019,0.020916026,0.524195979
0.74387962,1,1.409711531,1.048655678,1.770767384,8.458269187
2.223569883,1,-1.141091387,-2.537296442,-0.255113668,-6.84654832
2.504589869,1,-1.647117477,-4.125353746,-0.831118792,-9.882704862
4.11701461,1,-3.126125463,-12.8703042,-6.618053276,-18.75675278
1.182507885,1,1.187210187,1.403885407,0.970534966,7.12326112
1.750734128,1,-0.356714023,-0.624511415,-0.088916632,-2.140284139
2.462998648,1,1.21223847,2.985741711,0.561264772,7.273430817
2.667326385,1,-0.693952721,-1.850998404,-0.463092961,-4.163716328
2.488169885,1,1.356061591,3.374111612,0.661988431,8.136369544
3.076487434,1,0.905731336,2.786471074,0.975008402,5.434388015
3.149295787,1,-0.941588752,-2.96534149,-1.082163986,-5.649532514
0.377876723,1,-0.638584393,-0.241306178,-1.035862608,-3.831506359
3.126282928,1,0.483487552,1.511518879,0.544543775,2.90092531
2.590427529,1,0.758747937,1.965481543,0.447985669,4.552487622
1.259415031,1,0.426489353,0.537127101,0.315851604,2.558936117
2.252453918,1,0.361050796,0.813250281,0.091148688,2.166304778
1.663002261,1,0.50510657,0.839993367,0.170219772,3.030639417
2.948039603,1,0.662956916,1.954423242,0.628509411,3.977741494
1.33964962,1,-1.206383727,-1.616131501,-0.796635952,-7.23830236
2.683053767,1,-0.019283986,-0.051739971,-0.013171999,-0.115703915
2.078391568,1,-0.434837552,-0.903762702,-0.034087598,-2.609025312
2.533368091,1,1.03413375,2.619841444,0.551573944,6.2048025
2.875586633,1,0.185520624,0.533480626,0.162439378,1.113123743
2.13851065,1,-0.974735613,-2.084482489,-0.135011263,-5.848413676
2.940187968,1,1.81410841,5.333819718,1.705602899,10.88465046
1.336322926,1,-1.237744795,-1.654026746,-0.821462844,-7.42646877
1.157587767,1,-0.965472809,-1.117619513,-0.813326104,-5.792836853
4.364362057,1,-0.831859967,-3.630538074,-1.966818141,-4.991159799
1.967136905,1,2.760999712,5.43126443,0.090734995,16.56599827
2.65042987,1,0.263478174,0.698330422,0.171374074,1.580869042
1.301619138,1,-0.639062304,-0.831815725,-0.446308883,-3.834373825
1.562499388,1,-0.129426376,-0.202228633,-0.056624119,-0.776558254
1.280912583,1,-0.163620413,-0.209583446,-0.11765738,-0.981722477
1.725010816,1,-0.30510412,-0.526307907,-0.083900333,-1.83062472
2.896917771,1,-0.321383804,-0.931022454,-0.288254846,-1.928302827
1.360256514,1,-0.857656882,-1.166633361,-0.548680403,-5.145941292
1.923868182,1,-0.420970726,-0.809892185,-0.032049267,-2.525824356
2.848679082,1,-1.087263621,-3.097265134,-0.922737891,-6.523581727
2.617058863,1,1.136078073,2.973183189,0.701027044,6.816468436
0.011515073,1,0.015428577,1.78E-04,0.030679493,0.092571463
2.631595272,1,-0.824193639,-2.168944083,-0.520556806,-4.945161832
0.055854636,1,0.876678068,0.048966535,1.704389601,5.260068407
2.477375024,1,-0.356272676,-0.88262103,-0.170075677,-2.137636058
3.778729924,1,1.267758738,4.790517879,2.255000404,7.606552427
2.887892532,1,0.128821431,0.372022449,0.114379587,0.772928587
0.896835939,1,-0.316509464,-0.283857062,-0.349161865,-1.899056782
1.697366294,1,-1.512113952,-2.566611255,-0.457616649,-9.072683713
2.833795432,1,1.66719512,4.724489916,1.390099675,10.00317072
-0.409530496,1,-1.627205834,0.666390411,-3.920802079,-9.763235002
2.257452384,1,0.032299848,0.072915368,0.008315673,0.193799087
-0.173738436,1,-0.308667038,0.053627329,-0.670961406,-1.852002231
2.026167679,1,-1.647026518,-3.337151897,-0.043098862,-9.882159105
1.426110159,1,-0.824726993,-1.176151543,-0.473302443,-4.948361957
2.277072703,1,-0.231764201,-0.527743936,-0.064215534,-1.390585206
2.263804022,1,-1.409295349,-3.19036848,-0.371777782,-8.455772095
2.889458011,1,-0.489451882,-1.41425066,-0.435346897,-2.93671129
1.468308378,1,0.622143941,0.913499161,0.330788721,3.732863647
1.711123256,1,-0.446745347,-0.764436353,-0.129054341,-2.680472083
4.324237722,1,-0.315625656,-1.364840366,-0.733589055,-1.893753934
2.805069669,1,-0.771357975,-2.16371286,-0.62099691,-4.628147849
1.17525853,1,-0.66067,-0.776458053,-0.544881948,-3.964020002
2.614007645,1,0.16021463,0.418802267,0.098373008,0.961287779
2.00618369,1,-0.757814971,-1.520316034,-0.004686093,-4.546889824
2.506463292,1,1.385981185,3.473910963,0.701948594,8.315887108
0.963724324,1,0.27804786,0.267961486,0.288134234,1.668287158
-0.058182972,1,-1.234633117,0.071834624,-2.541100859,-7.407798705
0.816298419,1,0.36364133,0.296839843,0.430442818,2.181847981
1.478125381,1,1.086868981,1.606528627,0.567209335,6.521213886
0.844023763,1,-1.725368079,-1.456251659,-1.994484499,-10.35220848
3.707210907,1,-0.080261592,-0.297546648,-0.137023465,-0.48156955
1.598554153,1,0.235652766,0.376703708,0.094601824,1.413916598
1.921951759,1,0.599016743,1.151281282,0.046752203,3.594100457
1.31076758,1,1.880436772,2.464815557,1.296057986,11.28262063
1.296597408,1,0.380434359,0.493270203,0.267598514,2.282606152
2.205669611,1,1.835276648,4.048013932,0.377460635,11.01165989
2.420175061,1,-0.823294127,-1.992515913,-0.34592766,-4.939764759
3.063714926,1,-1.350656667,-4.13802699,-1.436713657,-8.10394
1.272318564,1,-0.889057836,-1.131164788,-0.646950883,-5.334347013
2.873707308,1,-0.160222463,-0.460432462,-0.139987537,-0.961334777
0.611575762,1,-0.072056965,-0.044068293,-0.100045637,-0.432341791
2.310031749,1,-0.698292481,-1.613077801,-0.216492839,-4.189754886
2.190054214,1,0.675133985,1.478580029,0.128312059,4.05080391
1.836195296,1,0.995128598,1.827250451,0.163006745,5.97077159
2.513490584,1,-0.159759706,-0.401554516,-0.082035105,-0.958558233
2.900096291,1,-0.846555578,-2.455092691,-0.761981535,-5.079333466
2.119870962,1,-3.068282064,-6.50436205,-0.367797922,-18.40969238
2.941527407,1,-0.307293527,-0.903912332,-0.289325278,-1.843761162
2.515489285,1,-0.84801487,-2.133172318,-0.437142579,-5.088089217
1.445238566,1,0.984247516,1.422472469,0.546022563,5.905485097
2.772376902,1,0.74387978,2.062315119,0.57455556,4.463278678
2.743596308,1,0.02724614,0.074752408,0.020260129,0.163476838
1.410347516,1,-0.486786795,-0.686538547,-0.287035043,-2.92072077
2.626300198,1,0.143642006,0.37724703,0.089963017,0.861852039
0.123634257,1,0.261067964,0.032276944,0.489858985,1.566407786
2.139846103,1,-1.249990294,-2.67478686,-0.174806272,-7.499941765
2.240304174,1,-1.552572379,-3.478234382,-0.373089623,-9.315434277
2.119981971,1,-0.62442147,-1.32376226,-0.074919319,-3.746528823
-0.011710664,1,0.622722311,-0.007292492,1.252737113,3.736333863
1.62633978,1,0.072111928,0.117278497,0.026945359,0.432671568
1.002829662,1,0.271108953,0.2718761,0.270341806,1.626653718
0.868897691,1,1.249231917,1.085454728,1.413009107,7.495391504
2.015209364,1,-0.951762925,-1.918001558,-0.014475709,-5.710577547
2.403705381,1,0.934460066,2.246166688,0.377246557,5.606760394
1.458789486,1,1.204491841,1.757100034,0.651883648,7.226951048
1.215139022,1,0.546815745,0.664457149,0.42917434,3.28089447
-0.56005244,1,0.491321167,-0.275165618,1.257807952,2.947927
2.072800784,1,0.054860975,0.113715871,0.003993922,0.329165848
2.750243576,1,0.959684793,2.639366936,0.719997351,5.758108755
1.871751119,1,0.17558627,0.328653797,0.022518743,1.053517618
1.512133275,1,1.190854246,1.800730332,0.580978161,7.145125479
2.908787791,1,-1.427875793,-4.153387675,-1.297636089,-8.56725476
0.147535852,1,-2.960838742,-0.436829865,-5.484847619,-17.76503245
1.689852094,1,-0.337466604,-0.570268647,-0.10466456,-2.024799621
1.686135076,1,1.954765308,3.295998352,0.613532265,11.72859185
2.023551225,1,0.837603199,1.69493298,0.019726582,5.025619194
3.183459663,1,-0.657282983,-2.092433863,-0.777867897,-3.943697898
1.447166752,1,0.973591186,1.408948795,0.538233578,5.841547117
2.597040288,1,0.512335556,1.330556079,0.305884968,3.074013334
2.680969383,1,1.874650681,5.025881078,1.276579717,11.24790408
2.011961048,1,0.902623151,1.81604262,0.010796319,5.415738904
1.793192437,1,-0.245282087,-0.439837982,-0.050726191,-1.471692519
2.738849047,1,-1.029977678,-2.820953383,-0.760998026,-6.17986607
1.974278362,1,0.166650164,0.329013813,0.004286515,0.999900985
0.20327231,1,0.807312822,0.164104342,1.450521302,4.843876934
0.184389209,1,1.95330127,0.360167676,3.546434865,11.71980762
1.742254632,1,0.635005355,1.106341022,0.163669689,3.810032132
1.939272761,1,0.031848042,0.061762041,0.001934044,0.191088253
2.991873728,1,-0.376810297,-1.127368828,-0.373748234,-2.260861782
1.031559023,1,-0.021653675,-0.022337044,-0.020970306,-0.129922049
2.380720579,1,0.118189709,0.281376673,0.044997255,0.709138256
2.213509741,1,0.337506559,0.747074055,0.072060938,2.025039351
1.031493468,1,1.795698254,1.85225102,1.739145489,10.77418952
3.494873099,1,1.083582382,3.786982916,1.619818152,6.501494289
1.663780154,1,-1.303354571,-2.168495469,-0.438213673,-7.820127428
0.299372079,1,-0.731234945,-0.218911326,-1.243558564,-4.38740967
0.532322342,1,-0.675309478,-0.359482323,-0.991136634,-4.051856871
1.783651349,1,0.209466003,0.37361432,0.045317687,1.25679602
3.151784985,1,0.883079431,2.783276492,1.017117629,5.298476588
2.633480457,1,0.049074687,0.129237228,0.031087855,0.29444812
1.722690335,1,1.469604996,2.531674323,0.407535669,8.817629976
0.256652185,1,1.273050932,0.326731303,2.21937056,7.638305589
0.98144716,1,-1.181295485,-1.159379098,-1.203211871,-7.087772909
1.690518742,1,-1.202046426,-2.032082011,-0.37201084,-7.212278554
1.485994459,1,1.99689516,2.967375144,1.026415177,11.98137096
1.258533806,1,-0.17133535,-0.215631331,-0.12703937,-1.028012102
2.191216532,1,-0.524467204,-1.149221209,-0.1002868,-3.146803227
0.833016376,1,1.398120683,1.164657424,1.631583942,8.388724099
0.373858842,1,0.648173133,0.242325257,1.054021009,3.889038795
1.023102763,1,-1.163980438,-1.190871603,-1.137089274,-6.983882631
1.311378815,1,-0.597802106,-0.783945017,-0.411659195,-3.586812635
2.407800887,1,-0.855377218,-2.059578024,-0.348823588,-5.132263306
0.878594886,1,0.148847574,0.130776718,0.166918431,0.893085447
0.43706582,1,0.291300372,0.127317436,0.455283309,1.747802234
2.234661437,1,-0.127489531,-0.284895938,-0.029916876,-0.764937184
0.01623947,1,0.801749812,0.013019992,1.590479631,4.810498871
2.978032468,1,-0.314966209,-0.937979596,-0.308047179,-1.889797253
1.674053194,1,-2.430319026,-4.068483328,-0.792154725,-14.58191416
1.773186705,1,-1.364381184,-2.419302575,-0.309459792,-8.186287102
2.42233033,1,0.267498225,0.647969065,0.112972614,1.604989353
1.806474647,1,-1.778715488,-3.213204433,-0.344226544,-10.67229293
1.728983111,1,-0.411255872,-0.711054456,-0.111457287,-2.46753523
1.735057615,1,2.628860741,4.561224847,0.696496636,15.77316445
1.446611784,1,1.395294787,2.01844988,0.772139693,8.37176872
1.563292055,1,-0.748211955,-1.169673805,-0.326750106,-4.48927173
2.32508664,1,0.465594502,1.082547555,0.151358552,2.793567009
1.21785491,1,1.331567841,1.621656432,1.041479249,7.989407044
2.521031961,1,0.389092755,0.98091527,0.202729761,2.334556528
3.887860519,1,0.895789396,3.482704226,1.691125434,5.374736376
3.58317808,1,1.376651414,4.932787171,2.179484342,8.259908486
1.868172485,1,-1.263978612,-2.361330065,-0.166627159,-7.583871673
0.421923343,1,-0.143482003,-0.060538407,-0.2264256,-0.86089202
1.230269101,1,-1.0828901,-1.33224623,-0.833533969,-6.497340597
0.9106984,1,0.739338349,0.673314252,0.805362447,4.436030097
1.262469699,1,0.239992724,0.302983542,0.177001906,1.439956342
2.902150871,1,-1.091690357,-3.168250121,-0.984869407,-6.550142143
1.650592984,1,-1.452768097,-2.397928828,-0.507607367,-8.716608584
2.589929997,1,-0.781691457,-2.024526152,-0.461143238,-4.69014874
1.842191615,1,-0.798479806,-1.470952804,-0.126006809,-4.790878838
2.797873693,1,-0.718460168,-2.010160804,-0.573240468,-4.31076101
3.086561816,1,-0.25110371,-0.775047122,-0.272839703,-1.506622257
2.834957002,1,0.901609841,2.556025132,0.75280545,5.409659045
1.703134492,1,-0.537177192,-0.914885004,-0.15946938,-3.223063155
3.854301351,1,1.26444165,4.87353916,2.34465586,7.586649899
3.298332202,1,0.337677623,1.113772979,0.438417732,2.02606574
1.464758902,1,-0.054749991,-0.080195537,-0.029304445,-0.328499945
1.115668681,1,0.418238649,0.466615762,0.369861536,2.509431893
3.861033014,1,-0.925218988,-3.572301056,-1.721863081,-5.551313926
1.729407909,1,-0.5419944,-0.937329403,-0.146659398,-3.251966403
2.585640906,1,-0.08565527,-0.22147377,-0.05016323,-0.513931621
1.422942225,1,-0.020397147,-0.029023961,-0.011770332,-0.122382879
1.680985091,1,-0.559597804,-0.940675566,-0.178520043,-3.357586824
1.685974867,1,0.554836578,0.935440526,0.17423263,3.329019468
1.340661359,1,1.180629409,1.582824228,0.778434589,7.083776452
0.776840187,1,-0.969743116,-0.753335423,-1.186150808,-5.818458693
2.109204126,1,-0.286564684,-0.604423414,-0.031294046,-1.719388106
1.7655926,1,0.850792819,1.502153505,0.199432133,5.104756912
2.161944647,1,-0.171405774,-0.370569794,-0.027758247,-1.028434641
1.144096124,1,0.511891811,0.585653437,0.438130185,3.071350868
0.786390294,1,0.705849258,0.555073005,0.85662551,4.235095547
1.932278525,1,1.356734587,2.621589107,0.091880067,8.140407524
3.456468536,1,-0.891784302,-3.082424381,-1.298855777,-5.350705811
0.557061043,1,-0.648968984,-0.361515339,-0.936422629,-3.893813904
1.487470106,1,0.142536463,0.212018728,0.073054198,0.85521878
2.243983792,1,-0.731715647,-1.641958053,-0.178526758,-4.390293885
