x,z,y
0.8337331707551384,0.6902245281141728,2.4822616420216144
-0.27604777321486657,-0.13416464258841704,0.005633255395417536
-0.35500183803340557,0.9532530055737075,2.2556905437719497
0.08748742380420331,-0.10334193865127006,-0.2154492777732187
2.252255730543224,-0.5070357012655099,-12.111012080153664
0.8344601291336722,0.10296816004537362,0.5170581653185901
1.3124155085886131,-0.422491722827557,4.5541638821574635
2.5026454078906846,0.6140494355025835,27.778163240296927
1.1682317433844136,-1.2365629149485595,-2.324322835685427
-0.42616557741435557,1.135145607529892,1.8791919010697051
-0.9961297516114552,-0.623717030867438,0.1755766885512966
-1.113949903630568,1.0717349393121516,4.552903395367736
-0.055731540380790236,-0.7042356367893312,-1.4041088478523853
1.1744323980340712,-0.3308771479171437,0.5636319920667995
1.053218610428393,-1.340068587091179,1.5487199539850134
0.05760597074623772,0.767145201699634,1.527707124478541
-0.7350428948702372,-0.47863673650549843,-0.35039599539928734
0.9305284230975707,0.2618258124304342,-0.8028147413191989
1.6682109685567823,0.12542334217797044,-4.43342664109208
0.559687886028685,-0.1802806794058733,-0.22414664768396744
-0.7539747714773923,0.1918321703220095,-1.9593490398170956
1.2565541946151284,-0.158907064095733,-1.3582450868390865
0.03849254702840868,0.5435851757863668,1.0926177188569952
0.18953982684235945,1.961231205520399,4.035986977150743
0.4625949508341184,-1.3237431171262517,-2.405752842533584
-0.4273630531117191,0.45265813398628035,0.8241507523711605
0.016586002082338198,-0.2063242368791815,-0.41263482109364835
0.7048791019712092,1.0210602002962152,1.1926230393440036
0.9718493208634352,0.8903214337788585,2.5623614528964342
-0.6204916030128467,-0.08894878717614157,0.8845465882582922
-0.8558669971682769,-0.37785490587458603,-2.975443988588178
0.06955832711940806,0.15872041363751246,0.3223445050533371
-1.046198270008818,1.4889138937521524,0.33136746347152046
-2.7488683825714206,-2.1326895071885463,-29.94083070048793
-1.1298596102669975,-1.2663781999685986,-7.016152052369925
-0.8616847672892977,2.0695956121949513,4.941314584400216
1.5600738472613478,-0.8671262566135953,1.2393879658236449
1.0150883742140138,0.6638657103559478,1.8204146411100017
1.0439944251997373,-2.3470062065724346,-6.839111882564092
-1.1159051930851336,0.32116304327456563,3.2813158403224425
-1.0713044968008527,1.275804205272717,3.020676422418787
0.9678209427388972,-2.8454233453886855,-4.778638485051936
0.1710325492439623,0.3806825403282982,0.8293988008152365
-0.8962502880413912,0.7953937706993645,-0.008344372099812425
0.15828925152314832,-0.18373706426230316,-0.28667005187246547
-0.5019484728818322,-1.7022293018914023,-3.0192460225835442
-0.9659226164593502,2.3542720485149586,3.798810048733098
-0.11373413818659658,-0.7970616665569555,-1.5403112504296441
1.0859498075720093,0.9573128809713553,3.9609745392291815
-1.2116482588360027,-1.2954740050815836,-5.651628503104195
-1.7677220628118417,1.0595269573727313,-0.32938685277059454
-0.4916920752016224,-0.49429790389642636,-0.5085368936569068
0.3214658744168953,1.0844084699565586,1.9278014389881033
1.4606608143265154,-0.025255937205604786,5.467537450452855
1.537242619302314,-0.7469865927416105,8.26582069617925
-0.3395685316535383,-1.4478564541349777,-2.9169410125000423
-1.0774487430914683,0.3942136121540155,-0.4985595129737268
-1.4907651910016901,-0.6012271806854453,-0.4171769413960952
-0.25274669392817406,0.43152420861423374,1.0732498372219677
-0.1219225086009918,-1.2139833819472927,-2.4946257743781626
-0.6489833703767095,-0.045862298017369005,0.6006500249538792
0.3130757547502565,1.3090988106144346,2.586286142026899
0.12281056530950422,-0.6900784188576254,-1.3872732101561467
-0.8368404181431094,-1.1032846198393202,-3.0265849214253593
0.6004217368041446,-0.60992750234826,-1.33722177151257
-0.24593466311103926,0.41295109018298376,0.7783824882352499
-0.18466464883093103,1.2367131523510881,2.4647152104998713
0.02315677105459317,0.9557926305562525,1.9125643923951312
-0.4846515827149549,-1.3590286873192625,-3.1271172409102346
-0.7379063425788664,-0.4774535354830909,-1.8619113465756358
1.3025075204665064,-1.744054528571753,-6.652405339278803
0.5644994389181061,-0.12012477367556589,-1.2361735397688203
-1.8050443479855907,-0.6774451543712923,1.3640491221030238
0.4383389094429461,1.3469695886531026,2.5180820543395455
-1.441088966423913,-1.051612353405997,-0.9837008755370438
0.9528291526847371,-0.3926912572305926,-1.4398372842463263
-0.7229823845546214,-0.5400716100520967,-0.6648998321542999
0.04876030058674162,1.5972107630484105,3.199575530446254
-1.563532179327817,0.7620100471604634,-0.6042215047105373
-2.3023663709955557,-1.438577845144789,-4.710663745882107
1.1579635707623999,0.6956125237538975,4.572138440278048
-0.704735436549026,-0.24229032629251368,0.7492945156918751
-1.5738221345062635,0.4842452485739641,4.650315700147244
0.518351544665789,-0.14616438674823928,-0.6870983824905321
-1.0649305774353506,0.1365965244468247,0.9455076051728883
0.047054377272786746,0.7484115192582377,1.4973244373331305
0.8480474314823447,1.116061921700438,1.3760841227058853
0.4326777637074813,-0.5966265963179993,-1.1609213207532223
0.5228053340351579,-0.8400340235990651,-1.525685450587972
-0.25388609361866854,0.47122911495917436,0.7524073102290446
-0.49685192516546156,-0.06728912287633702,-0.034794003127141204
1.260101153233402,0.20239567010140835,3.580782051661223
0.5649801997400608,-0.08084936292004849,-0.07674999402715924
-0.34463770461855886,-2.7234573819791703,-5.73172170702868
0.7248098012155015,0.12252788062297576,0.5622898993800136
0.8640921389506796,0.3089994195337014,1.7304300818644478
0.3692466327177442,-0.7023125423597467,-1.4714360121412726
1.5835962296386543,-0.2161379056498114,2.8936808028305205
0.06037041371168686,1.2156693780055339,2.4236560541535974
0.1287109315254397,1.2309110114924364,2.4363598525382226
-0.8507892736971358,-0.08420088323510305,-0.8579568839484655
1.0985511598794555,-0.8501886316585627,1.580344936206394
-1.2063550246130574,0.2211530761796929,3.946902076406267
0.581862275601223,1.3447456513641107,2.6008488053013026
0.8636898946062134,0.4940979900222026,1.3188375295478512
0.9830520035167042,1.552968807104627,2.9722042541892373
-1.2712602506093234,-0.3194116228120656,-0.5253771542908139
-0.0010627559597738989,-1.6912947614270828,-3.3825895072411942
-0.9609101580848249,-0.5027959224475791,-2.510347734341546
1.2592093060916558,-0.47655556176802016,-1.1204260507870214
-0.8666068897665208,0.8546549266615887,4.666711710834205
0.24904418987589097,0.7316303678752741,1.294125794544179
-0.08616822335248564,1.5923298830098962,3.187379853551794
-0.4928843411876587,-0.39017019565247063,-1.5774594085623652
-0.2689989136020709,-1.1391438977871093,-2.560404813491301
-0.399240236060148,2.3977661588716552,4.991863229503621
-0.9442975098967518,1.749335220768074,4.6468781224350355
1.0131883318210797,-0.12243980609433461,0.6566137742844378
-0.40870406846138596,2.9380089395881237,5.730979746809599
-0.18108679027994926,0.9528885530360054,1.968694870602779
1.183755855264812,1.4082760617261567,-0.8651229143893127
-1.608494491377402,-0.2284455547770584,-6.746520593570792
-2.2724398623387674,-0.8059406977028033,-2.0552657411665862
-2.040607916183618,-0.6153746474002216,-10.259677616539074
-0.6480063537981636,-1.4953083119307136,-2.0639118405637937
0.7177222374736757,1.0384337311384324,1.9580782148676563
-0.1034000118658323,-2.1335560410563867,-4.292405709370975
0.3270173619403055,0.1308305542663762,0.1945106541743436
-0.9775973312108163,-1.4573392462379462,-4.3106884034604285
0.34144298271875867,-1.5118882858082134,-2.9317488148342075
0.04382239204798639,0.21917461339718375,0.43563415563456764
-1.0215783632197941,0.7130902359117979,-0.7842693401573597
0.7934277191657629,-0.07363920248572631,-0.0882542348596987
0.5016244578441148,-0.750853911394447,-1.284928892647057
-1.554470353635345,0.09287273092938667,6.77597896770134
0.8834978373040506,0.44754399242155235,0.1476263004706132
-0.20776780094542688,-0.35048776405968624,-0.6287247911076873
1.8313740144115707,0.5818652032372912,-11.304853829138183
0.1772643820390472,-0.8604880168530449,-1.5937017489076675
-0.8058406484182359,-1.8640161789556033,-4.438835344573682
1.947932469538661,1.4906935417769804,9.07581604305294
0.12119705234613574,1.0361396246833456,2.0992300591838333
-0.3549491266087847,-1.398252508398335,-3.093115720337933
1.0528662500087693,0.9319404011297369,3.468085324054395
1.1631139624382063,0.5531220044671464,1.7279192160962187
-0.7988328181126666,0.5857687997907444,-0.5118386238898465
0.7754552942444023,0.8759802168254799,0.2943108965525414
-1.9950073522218286,-0.6065149995955382,-1.473673204424415
-0.3505621927187857,0.7770306792283677,1.6707230055725266
0.38086474248064067,1.0437389332866833,1.7850912229056175
0.2582137804767487,-0.6528879931778879,-1.3327308299971214
0.9645102627496924,1.0259260851978274,1.2267981510872157
-0.4912781528505298,-0.6544760933336262,-2.2011946340246595
0.08163875584816363,1.4177432177282203,2.829794766618898
-0.16177072271296455,0.15462517070437373,0.2746722434590721
1.2728170693861922,2.1692356556037375,-1.461563760041078
-0.7202692713542675,0.36640607935843145,-0.599713595788404
1.5410515592922822,0.6797813589665771,-5.132469991287123
0.8536615504370548,0.5656249124494322,-0.7319219570628448
0.8023994911644807,-1.4647249918167238,-2.910027426523406
-0.34262215478271907,-0.26723479438021724,-0.16951127236644242
0.10040004245813716,1.731292197496007,3.4805583908232594
0.15198823813943785,0.8062840625483337,1.547198919879091
-2.4558125541173235,0.2561437389089541,16.592229911237368
-0.34202898544837573,0.49957377031065536,0.8068885927936048
-1.3149816187386885,0.2363591748116744,5.950678942000153
-1.9100520081670413,-0.0011130326925603597,0.4168314367220255
0.5795217979482535,-0.2275059021471658,-1.0317115522620084
-1.7151777361814624,0.7173144083151171,2.371917407368217
-0.3983792388862035,-0.18345298446029304,-0.24177203518380952
-1.5787483081254574,-0.38648049825258085,-0.46764105069098716
1.8448032472624978,0.45945025952804835,-0.7305815404228112
0.975759554913579,0.8943937063142199,3.9927850118605654
-0.33020064860916915,0.6517678190136125,1.566163711313806
1.1934009537981145,-0.9873787840059737,-1.8664104530554946
-0.3335191241108927,1.087656681784742,2.4152147948034557
0.16636782407447936,0.19670931012863194,0.41077970081390874
-0.4302437043451573,0.04686343023718538,1.380519224733671
1.9659585946852796,0.09026529136035123,-1.3054492896478893
0.5593686233712427,-0.6926053423227473,-2.438327911593624
-0.641505330626423,-0.7463814217334009,-1.952108521354134
-0.046974595787299046,0.5204093095404069,1.0435213463976047
1.1341439060467255,-0.1490219828719105,-0.85973580972037
0.28923128719973246,0.8459868526547962,1.7007104716054489
0.4623961542607332,0.42653457248732246,0.7411062082577129
1.1818685662500843,-1.0098409977755207,-0.9277388690195589
-1.4097275793860307,0.8129736185514058,-1.7221747083218442
-0.623606349489075,0.9744756601805906,1.8967498437567243
-0.6570899968930934,1.495141703224625,3.9932579366199588
0.7078237698125724,0.6859213845612347,1.0819563591279582
-1.6279265728016943,3.2645645590755037,8.857738635642137
-0.4481167500563098,-1.566885298995654,-3.5800863215024137
1.1190143873719998,0.9587666947447011,0.6475952073831817
0.18599666994255246,0.9869835991743973,1.9875004589957983
-0.3620596920220767,-0.6875666798183591,-1.4355560572424397
0.24700199904472578,-0.8182589728382941,-1.700654666814028
0.35856827869900065,-0.6483681064459459,-1.1971745511378737
0.016933008624188985,-0.9956453385847114,-1.9916217756638281
-0.23527716113808608,0.29733300547440494,0.7243708441830345
-0.3906866426637773,-0.47849708230947635,-0.9205369020549973
-1.120553053540956,-1.4327827824215307,-2.211282656407257
-0.0623239097279758,0.4446455912557448,0.8958274087622481
0.7141417870923861,-0.20711314810004963,-0.2068674760696569
0.773044917263407,1.6874741806536122,2.536280789242066
1.983705588507378,-1.543399045245328,-8.560438625976666
0.8812721557801418,-0.8680130275308625,-0.907888856991253
-1.1525631298884231,-0.8988757350368339,-4.577357701779068
0.5552674257442551,-0.7417579437999913,-1.2878656840073004
0.26835801495085637,1.077569349584694,2.1902166712086615
1.267931950470629,-0.9909188943401386,-0.921814766743345
-1.9083214556821646,-0.7498200118533419,-3.5716946575019035
0.47876896473761343,0.05691762250040367,0.7515166651374121
-0.028473779612241228,0.8277854677898033,1.6567703999489845
0.10074543076442534,0.8324047377772884,1.6713448474150976
0.8575466626769703,-2.8601855836431342,-3.334765299690019
-0.21133752157144106,1.2131470532290543,2.3784620142275616
0.47201754115146255,-0.1583882942450378,0.013942885663319748
-0.44619977351690704,0.822154908037883,1.864367431796793
0.5927275137206672,-0.6486320687663084,-2.1800610915373366
1.4173868588707774,0.3083566583237624,-3.2802939525507484
1.4767955062640878,-1.996831588858604,-6.985202470943294
-0.1243845867945582,0.4127589056024149,0.8201147371468253
-1.762787648762003,1.0399073260687755,-6.255321281321414
0.002245036319646143,1.5510425772776877,3.1020856659826883
0.08426116710747088,0.4095061641869119,0.8305644689006931
0.02477467744569607,0.695102797312508,1.3890969910211675
-0.6485898839745415,-0.7587707332025221,-2.853300132586834
-1.0600021659423744,-1.0800984281729964,1.1602683718988174
-0.6005147581249956,0.31006026286752997,0.7299238788240255
1.0632992196866085,1.526226420216836,2.106733850156109
1.3900490887482049,0.06171908852981931,2.5993550500647515
-0.7979980568722327,-1.3601062817655882,-4.615833195669679
0.887348784648367,-1.2534337450751147,-3.9925291767162974
-0.5970605841241334,-1.0118095604887682,-2.606555001311985
-0.13463838394102834,-0.8534106756889697,-1.6494006369136096
-0.3159281808357766,0.009910205322357823,-0.3220592014578425
-0.7893362864236666,-1.032511308633434,-2.821433123756882
0.7412265480046485,-0.7436150867039726,-0.5955855000489372
-0.6079594984062099,-0.36046163686917115,-0.9337174359274756
-0.4417924729020099,0.6943727892679908,0.9808008343433463
0.2826119093293832,-1.1730766915126751,-2.425225643792367
-0.17374319498197718,0.7377668365926144,1.4121211209320765
0.3352212656204364,-1.1471139293504524,-2.152865096808392
-0.6482103835863355,0.31550339619360496,0.6157456373991093
-0.03063552671770488,0.51636660938998,1.0336518881593735
0.7250927124757609,-1.015821305528488,-1.7187820186181872
-0.8710498037493508,-0.7780297176427345,-1.8557880115005494
-0.4306223385604926,-0.36731830129331966,-0.5175947140975711
-0.1278059652804207,-0.07711043454599323,-0.1584740484637078
0.08608876857012342,-0.744493484979892,-1.472782666396832
0.28517708392528024,-0.6142716790443188,-1.168270894965483
-0.5668964307969185,1.144678859922795,2.017977613829068
0.1294626458855365,0.1399953195514011,0.26459582319925784
0.5002830345367677,0.7618750787218529,1.5620254223729384
-2.373602505651024,-1.7079767583865817,-15.791367924944192
0.5259799665825252,-0.12086005721775554,-0.951232161915929
0.6054414108029517,-0.900033587562308,-2.2626627486485864
-0.6674625351381834,-0.2514963981479288,-1.9607713309968973
-1.3706761167858414,0.5019281384620925,3.7956316068875777
0.5757571748519555,0.41146668221935195,0.9806383590713681
-0.32512199400878344,1.7613030401041314,3.5814130294869666
0.9396769099429916,0.2402717459097782,0.13299797330132446
1.048005954408577,0.4833833105858777,-1.5741563834047463
1.0149822897143148,-1.5293829254303282,-4.311321211890845
-1.6398887904057817,1.0215916298430885,-1.9278320985764692
2.58773229184321,0.7617527995606742,-6.256562906851306
-0.37242016697493113,0.6304275090222381,1.2055359401708738
-0.0997251193015259,0.765503326113309,1.5416437748249263
-0.7461284306100291,0.1599418919333882,1.0985790504476014
0.37088674057689297,1.217790116716029,2.6930144838590198
0.02481014521630385,-0.30487538321431445,-0.6112008216408029
0.28678088457742346,-0.2403425864222146,-0.5738404633911831
-1.151236737326826,-0.6781949941822569,-1.815067270684159
0.2533467192041693,-0.9690286654819101,-1.9850116431966618
0.5764125304913922,1.2729204759798582,4.145852253391904
1.626989631717575,-0.48651067782306323,-1.065475434600717
1.877390822651338,-0.698382843504929,3.4084075724622815
-0.06268448619413845,-0.6486428689945707,-1.2851825666805496
-2.232515530659273,-0.39401739084220855,-11.151198952750311
0.5747914125544378,-1.3232347859456712,-2.347727172676423
-0.3601853682577981,-1.3401723867387638,-2.6254979004580292
1.6843393245107148,-0.2751457108261663,0.17948229158528628
0.1439950367305723,0.19870366481798896,0.3756495123236486
1.0301830796823936,-0.44319953217185926,-1.7288843236116966
0.7215529506643326,1.322046994523172,1.7011735617385906
-0.3586958630648917,0.714195695798863,2.113037094687356
0.30833006670800317,-0.7898785842867027,-1.772002406732892
0.8805331365527633,-1.328670344420007,-3.4705098977625264
1.3995285575690606,0.1845618500564482,1.3162788156116074
-0.3334173711492027,-1.2880220160714762,-2.7488003035919184
-0.5625844925769322,-0.7881467063487335,-1.657273490474795
-0.8595987789788816,-0.40164727042328346,0.3618610954501692
1.0211333867123114,0.31537103446675946,1.0788348743331473
0.5263640184276096,0.776279484518051,1.8801608771330547
-0.8122885768068658,-1.5778806803273573,-2.16746671869244
-2.069145906592888,-1.5753570584285668,-8.10226385816484
0.3281779361712604,-0.6952885911033495,-1.6478834335148371
-0.960464668546194,-0.5456287260368532,-4.653981538974351
2.3708361128694415,-0.5552506767788137,-20.26820446394242
2.209530970050835,1.095914654270454,-0.06743243299726087
1.1512316992334892,0.36282267511419203,-1.2136082760573577
0.675365083147516,-0.934117374299747,-0.2959483102678744
1.2141695946909365,-0.05321966428161611,1.0801614071539687
-0.7233112005707979,-0.04016769161955034,-0.8842695081287497
-1.00048295969413,-0.7977482799785794,0.9149063213035931
-0.12359163653893901,0.26481031657208914,0.5281062006114201
-0.8828384912881307,2.4519553859692143,1.1577468049616044
-0.5261624266272028,0.47364668275518496,0.5073579627302548
1.019341203088404,-1.3614342832063382,-1.4683998594818688
-0.41542268126700493,-0.7743353314356022,-1.7090235732791863
-3.7658418610764914,-1.5541728859787096,-12.887414081408423
-0.5689972039036445,2.1994473392201117,4.821900419291369
1.4138001977122403,-1.9169952759041715,-2.495424391358148
0.7112353897788436,-1.5680056289098991,-3.6484666245426363
-1.269525967889272,0.8053309217571077,0.7454587827921437
0.344178154575362,1.9572159507786908,3.7850309271064115
0.725769497724517,-1.4321284161200496,-2.2999882790239954
1.591793685408244,-1.302813753695755,1.5847583498002957
-1.984919110064885,0.7520488242554667,1.2682227313623482
1.1711974582582323,-0.7732840582759399,-3.504102613973906
0.4241428211262451,0.15647395361892025,0.06613915771480947
-0.2562343092151614,0.6899086773707621,1.225059600895065
0.09831692651025586,-1.0934501103097345,-2.16346983706088
-1.4533906860632337,-0.15544685035331082,-4.275812409687084
0.99069845869902,2.8409535742332284,4.754012979633598
-1.2675956877881365,0.23826662260311438,3.3197911460398624
1.5616937331599565,1.2543869599709287,12.008234397958862
-0.5684665404812081,1.2284046602915888,1.671709299859701
1.466557062224094,-0.4047931235932026,3.8923210124364367
0.9260147346894447,2.2998194123249003,7.354681657766811
-1.1852463547853593,0.39353111499215726,1.1077711164139192
0.6135706748905755,0.02137884802585953,0.7434694733375353
-1.8034318688081414,-0.98028843531984,9.570815722160532
0.8738823983524832,-0.3589455248890919,0.26687157841205655
-0.08544179045292867,-0.8338903292830266,-1.68476325757909
-1.0194391646857157,-0.7491813156551064,-3.3466588539248114
0.2965807831648321,-0.24535840081787158,-0.4549279868609435
0.16329367779422913,-0.9311397940443308,-1.7873951850583296
1.0176534170253795,1.5374883592780566,5.0550189222737245
0.11383760762834025,1.4173262281153869,2.8191098255209424
0.4761299939931504,-0.08667968746990198,-0.11514734992056203
0.672358917287076,-0.456985893132251,-0.6022338943940042
0.551933640385456,0.45054006234313937,0.24763595534848581
0.14923058632815475,0.20082460413994582,0.44179177738220754
0.680346685257884,1.8246584351853807,4.7029860487013915
0.38430553688402996,-1.559647552583532,-3.088842066402223
-0.9609981635310159,1.1589986348572339,3.626890894239713
-0.7255584670413269,-2.6172621596751164,-4.564412373017293
0.18329053637010714,0.950476445535549,1.8994639312544106
-1.0312060613191456,1.586012961073186,1.5029171661062026
0.28144216272381006,-0.47164238587153773,-1.0797817199485573
-0.14382036936645312,-0.5594845886513162,-1.115074695111318
-0.30749117774330037,-1.1353979825761258,-2.3203173921979108
-0.5576172849586714,0.26005700302145635,1.0763531708225058
-2.3133995653836563,1.0734763831750935,-26.82071035988938
0.6297444884703712,0.557235115395327,1.6472952864218542
1.414830116342534,0.41668761901562573,0.5926599724850273
1.3240808024122872,1.6044374387309375,0.5005230776186576
-1.5545976236061143,1.0060733895857215,2.3196477941328273
0.1329788506828033,0.8131089932883112,1.639904311666622
-1.6288051445608387,-0.4740609035909401,0.41114854107201193
1.0818100933671495,0.1427724153795831,4.304122997739182
-1.2945157793951454,0.32279608501970714,-4.411982346098463
2.0089679819453337,0.6724971025649175,-8.297905949738745
-1.7417444164194391,-0.8148229007165124,-3.331226527080142
0.6279578518111922,1.035987380433093,3.876018184345744
1.8056928803253998,0.6777766152378737,-4.870829943559819
-0.7058161135495086,0.4512502060968339,0.639761978272239
0.573984514542363,-2.2942201721983824,-4.3570060126559245
1.1302575350612798,1.077309776194729,3.746126270259077
0.0564371621458429,-2.374293532146306,-4.7358396529366855
-0.1857843288721344,0.8296529464187301,1.6074821658204201
1.5571386832848473,0.6688568243682573,5.985351760166779
1.4657695303406422,-0.33300849945207484,4.656441897169312
2.678892739325291,-0.40093743462023734,-8.630097585510248
0.5978156346924413,-1.0027271805330518,-0.5158897533866471
1.1485071208824458,0.4560682587819296,1.1714796787314719
1.2728539943799981,0.3040453423634648,4.078788511251833
-1.0235443675734548,0.03853729053931366,-1.782677844719452
-2.634001028333988,0.24064348548734474,3.171572972263954
0.5701789728818966,1.3811843890338302,3.5523342495875134
1.2079195543694656,-0.9656021876734505,1.383646092843492
-0.7233063070240769,0.007031396404751587,-0.3369675439101892
1.4138571354329466,-0.34226562549203243,-2.755908270668479
0.46055286252091454,-0.09444894957236488,0.13539139658476051
1.3189596332532532,-0.5285531177588364,0.46111983629337705
-0.1335124727534544,-0.5739499713137236,-1.1450254224120773
0.5097556871404286,-0.7237874442282725,-1.816632072844786
-1.2802705794977798,0.48030092762177473,1.502809069983349
-0.29238144805220084,0.699107268429055,1.2431689409612718
-0.4187824392031295,0.9350788099621336,1.6632561020606966
-0.4224261884230209,-1.346108575143309,-2.7091652864509137
-2.141618828586037,1.2882257811524929,-7.0558207338424435
-0.09236957746836177,-0.06766960271594312,-0.15472564705332226
0.6133561212172389,0.864496533778298,1.2152826198731135
-0.8547339471456615,-0.6290142589709493,1.6537542986761986
-0.5225547920928919,-0.5834551838071091,-1.8682770846878212
0.9002865101311365,0.15185977911200868,2.166807854429333
-0.061755117503975,2.0912631177470047,4.186972293282371
0.2942744703536488,0.4389862276059961,0.9642855379166418
0.24738170352392577,-0.28906285583903957,-0.6086434864139935
0.3705724895898099,-0.9698058828864126,-2.2804801696592745
0.7943812939210178,-0.5734339383122005,-0.8755942528041079
0.011207526924627575,0.6651411623326895,1.3304547032121075
-0.36726385763749586,-1.0592800893174446,-2.1688819190550466
-1.5047323754318063,1.9607839790269543,9.598269329000004
0.29692224047434806,0.5400174833696595,1.1641104229440162
0.61387418754317,0.10207346436420249,-1.0297050549292528
0.5448752362568159,0.4841568133819228,0.5725811023453602
-1.3073805521789672,0.32107257854392046,2.4406888210826914
1.200475386473002,0.10863251310455176,1.6607738122310085
-1.3280215366267265,0.641627581007372,4.391232529765594
-1.3077113845895765,-1.1528819012628315,-3.714034484476005
1.255568630448856,-0.9654134887822181,-3.2453197016304074
-0.6593365859803156,-0.1666126765552493,0.7473795420220094
-1.600995625774107,-0.42333168340405564,-6.17768047744984
-0.3598591085017941,-0.3592511411713515,-1.280661737951474
0.42861980178973386,1.3504888172377834,2.3457271300246894
0.6032602312822688,0.2512642206954392,1.188644938918893
0.06176130852989034,-0.7279624261440435,-1.4526891120725787
-0.642729190132914,2.1895179745361077,4.853520699073449
-0.7430432856987245,1.0596660644924356,1.8956742157775923
0.1185085777565117,-0.9293359781262636,-1.8902597750253716
0.5139077106986741,1.2758818943780796,2.39102232556602
1.3729957205272603,-0.0643131827728581,3.4577095097274455
0.498617194913862,-1.268087792199413,-2.2908487410452527
0.10943110601638611,-0.37753190909587453,-0.7798120894031465
0.5667843117966967,-1.9660785721522078,-3.7813071775904716
0.4385045710420843,-0.43349972317004376,-0.9535664995123032
-0.904420967773218,-0.252758205084358,1.6729150266229005
-1.8222735635176894,-0.20898366340423222,-1.21099600872508
-0.9906850936720487,-0.15284826020127854,2.3839900519878006
-0.17721223875703895,-0.3869881060197488,-0.7455610976542532
-0.27981895550629415,0.42912336690262576,1.1435228611674133
0.32114177768899893,0.9095376107681619,2.2678488663396466
-0.38816354832663014,-1.0527416423830955,-1.8232166383683515
-0.2201237796519692,-0.9049429965097635,-1.790802078819383
-0.5449328285390799,-1.0425892061190725,-0.9399022226685996
1.7231079096681974,-2.157883861387141,-13.088162944934247
-0.43032092480234335,3.5953762501493673,7.052785969361577
-0.9641624541006789,0.23898476524720555,-1.351911811209225
0.8216095453043712,0.03006059655653257,2.590955367845421
-1.3510904354812365,-0.7885869467688638,4.8361368241425176
-0.5390793577315202,-0.9316327225827129,-0.9363312739415336
-1.2379766777665817,-0.5319098440187181,3.6388883801105933
0.4066386084844879,1.482364672586358,2.8962269294318235
1.349626936338139,-0.7533210443365337,4.809241181637454
-0.07727693411808144,-1.173854383857173,-2.3340897044310767
-0.5313509005117751,1.0709065504241078,2.4633155958292283
-1.0603488032583208,-2.5278548285373095,-8.799382085757628
1.2854994557246886,-1.3868284750240052,-3.276625316567594
0.09498156182684496,0.8520362805120972,1.7197835701175368
0.1900571187066645,0.5089697576817915,1.1293449886641374
-0.7252927544589904,-0.10309310892440661,0.12749293863402902
-0.9645757591982834,-0.28791478944267224,-1.037164226838616
0.4342875745071684,0.4900204364302813,1.3579275840505307
0.6210437648954564,-1.2845890815537353,-3.5808504849068576
-1.113115910692992,-0.2736367111817474,0.02330785584209094
0.8223936543864587,1.327344043706764,1.4540695321279844
-0.27240248681808915,0.13927354529737196,0.3558832868086855
-0.7380279094028441,-0.9981795225142849,0.08497965908272409
0.41568316786932236,-0.6617669555646845,-1.0042406352290678
-1.1346853618270176,-0.29125311807250176,0.4078252128703843
-1.0006733239681975,0.3161997063778543,5.544113920944501
1.568851407422983,-0.04324325541405912,-13.795499481428902
0.8774096699333923,2.1402728142673992,7.0238779139896605
-0.4228248107613549,-0.41782459542969735,-0.8881293822617563
-1.3470862454350006,-0.11111552346685401,-1.2985790290144912
-1.440400875144052,0.04787417000300649,5.149597743656331
0.7276933131495416,-0.965879561048176,-3.2644336628160997
0.13064842327116774,-0.2813889125614574,-0.5605248229698904
-1.5779474138327492,-0.4963619604219407,-1.8900426961537113
0.2528442969600707,-0.8257414878711896,-1.5907203777733496
0.1906696807341627,-1.015253219863794,-2.111954771427698
-0.5217983354230499,0.8828251763101654,2.56102968271015
2.0760287534377686,0.5713252103818307,4.5743206808959
-0.47818075456106307,-0.8907387038051934,-2.05262994753701
-1.5736498940307964,-0.28352054256189574,-5.220461840658263
0.5924917581493963,0.0073094049554359,-0.5148631548046398
-0.8335570001244692,0.22715496110029276,0.7038047531370304
-0.393825873826339,1.0777857859117552,2.12965129064679
-0.6832269816640334,1.1855424445598521,2.193718790228284
-0.27748467328038345,1.0775951383067546,2.1900807536810465
-0.4783520137068758,0.6360202236127936,1.2610877640619245
-0.5917014226156908,-0.5655006698797198,-1.4578775860851836
-1.1769238546518683,1.2018779355586438,2.6017646645220887
0.9258165990200472,-0.28041144377222904,-3.313439224041989
0.13606319602582803,0.14320488749498286,0.2518448226221954
-0.3233026679811938,-1.1640372251397975,-2.490317831088352
2.4895452575076344,-0.3667050778870779,3.763110957364567
0.24670334570971045,-0.4508296659045877,-0.9637541703185718
-0.7565830359326834,-2.158236053218575,-3.3731581143784197
1.4971957166558294,-0.024584800100514188,-5.524090726930756
0.6834611469654165,0.963641372616193,2.8976263644597675
1.002895135970826,-0.5860623180915567,-3.6287116772952372
0.5167735838232443,0.3138809055697402,0.25071984255090596
-0.19626214120892663,0.12292712378695732,0.22308890019810654
0.4212778557095693,-0.3756579366063743,-0.3704447030373237
-0.16877973921168954,-0.8990352798530444,-1.818455380960386
-0.47502254985001663,-0.6354242547037204,-1.0494250775765628
-0.5586300305946615,0.14368328861401805,0.4745274600861288
0.9909143918594298,-0.6465657095888298,-2.330688789575338
-0.04299179782901547,-0.7394814344146059,-1.479102818945426
1.665462783417968,-2.1164507129383163,-7.144770116416147
-0.27103290046063405,-1.3795742600073027,-2.797904431162452
2.6156173936117098,0.8415060827504725,-13.859791693647235
0.28996021240693376,0.05618386521368833,0.4650638908310112
-0.017321087444556214,0.3795452488372815,0.7588132127610804
-0.43741881402242205,1.6278844007265032,2.8591627183965995
0.40055466703881726,1.309906975085412,2.4277003498104612
1.839863523911105,0.5106029039309815,-2.517995776114339
0.04340439337897064,-0.7387272679980288,-1.4797643855933074
1.7055686805788839,-0.4970540725624276,-1.5538483508280048
0.31489906021192404,-0.4009340498346756,-0.6201954244126879
0.7295060402170199,1.2069307351286949,2.61000606817055
0.6797819675823272,0.7196748485051288,2.9480199518011436
-0.5197333109363997,-0.27768760721004454,-0.7179265132402017
0.47462757643357106,-0.8689212420069122,-1.5464796462584054
0.871260666491602,0.293890272758328,-0.8506099959602595
-0.9964004264658984,-0.7590797428723531,-3.347326566012404
0.5538131034957212,1.1740906308004542,3.262526447739892
-1.296739476672368,1.5295634000433884,-1.6449422147936663
1.8063115555395255,1.760243127599603,7.1237655752550015
1.0196248703055604,-0.1717150234607055,-0.6842501713710416
1.7968426471232586,-0.1361460022065979,-3.9467565453557296
-1.044978226755524,0.3740158620048277,2.067438663637222
-0.5273719081629616,1.178246582880022,3.160481185185617
-0.31781944926709266,0.5444649841673533,1.2677474649264606
-1.0539509431830625,0.007353007821355563,0.5225589463607159
0.13183757311101837,-0.497570395437986,-0.9893187250004306
1.521756071845092,0.2136794620182606,2.322368844064285
0.257872361384113,-1.3466429390481367,-2.6615355012237405
-0.8448738491936616,0.46297936763008507,1.2494119901345737
-1.0554605873940548,0.19838947180431304,-0.3576848966342533
0.13904578148182462,1.6132024799587947,3.2484854655735327
0.5460815190124185,-0.7971677578375219,-1.321275757333663
-1.0304331528014732,0.5954464984905153,1.413577877598566
-0.1409031533662774,-0.7870028742007003,-1.5346757706407044
1.9480053631943453,0.9604657012610593,16.582677263758235
-1.5937981416298124,1.0015581410408385,3.5040966068742607
1.404857086505052,-0.3949252519731433,-3.704427252962536
-0.002300006254447574,-1.4696779530151,-2.9393648362608777
0.30490443432580044,-1.014586856315974,-1.6075905732530928
0.9213752395957926,0.7188095338761062,-1.840522877216932
0.12157925690708282,1.3084242117797034,2.612219002140502
0.37982514349329266,0.40392779257540223,1.1888052444955108
1.6706961536283493,-1.539556866495862,-3.827690551533289
-0.2313079971796338,0.8234711701626786,1.5554085325532863
-0.7976229328465904,0.12166386987683539,0.8213535230830498
0.2221979045945798,3.0828111746424165,6.095543162129639
0.36580919100959625,0.8666144273683131,1.6108464537483063
-1.0196267028621258,1.4457787182108623,0.7001095996068165
0.6643477915637678,0.23663650518675225,-0.13455255497486712
0.6964069136125263,-0.394500062016618,-0.5529916565698191
1.448160847991422,-2.2480867595583094,-4.854702885617085
0.2016991615372522,0.988131828796156,1.9455408513096422
-0.13857784807664836,0.7557155162742276,1.5255687751110867
0.21657240770029207,2.2443369927847225,4.40267460619487
1.7546582774935777,-0.6806081693157952,8.810466471350098
0.1360270891819981,1.4294034763412304,2.792018109647127
0.2820096247688381,-0.8354852979381958,-1.6281788851048409
-1.3902553817878083,2.3569444091380314,1.153764118082997
-0.27034006959271545,-1.5234545632071705,-3.2508060433297117
-0.1099355599885213,-1.3506575239602518,-2.6784236963960897
0.5961698350466687,1.6706091304600375,3.866049387248677
0.7421012837021528,0.4247628047461156,0.9363833188167825
0.2881374481071966,-1.5253334137711285,-2.9896663514556865
-1.2682023644635705,-1.1213933739332158,-0.962549807024552
1.9612978504423857,-0.9972959499403086,-15.941907823538052
1.4880804445301647,-1.136227633059573,-6.811000041305455
0.6318152547396845,1.451811550034286,2.455930602733992
-1.077412521175012,-0.22482366991984168,1.0270966342024923
0.6418221443971459,1.261432999035596,2.958264315992559
0.24270158530560865,1.4745356458790515,2.94122762025418
1.7636828024367184,-1.237701817228411,4.903464401498051
-0.9956617728402257,-0.5952644667238204,-1.7474899377371393
1.0836997127746402,-1.0922800888457105,1.2301307968135582
-0.7345050039967753,0.36498526125633346,0.8216825371399777
-0.248571701476094,-1.616928603202842,-3.2206135611510427
0.9925202488622827,0.9459609011902532,3.735001005322271
1.215088407699038,0.9342074081882681,-4.437575100748759
0.6060089465638775,0.8011379733687615,3.22879791506976
0.2614149556755837,-1.1888448116500998,-2.1195172220569063
-0.37574867362634623,-0.9843955209619041,-2.2518202981822073
0.457984890986816,0.0019297788423111464,-0.3704855428545338
-0.11291853881248531,1.036766241950689,2.0679265313316937
-0.42007154227158033,0.8504612040358517,1.660825556957771
-0.27352424270425685,0.001357628830473349,-0.3024860635952278
-1.583372061558917,0.11314265481621621,2.326134685914428
-0.6308140139660988,-0.9585143231955028,-1.7966041425091244
0.25915275305402236,1.867200450323303,3.6509276520351626
-0.7377624216823031,-0.019567543656964465,-0.06484542360416067
-0.8369942474497887,0.7072228340035513,0.44617153360870565
-1.4841345395419336,-0.21255522317022116,-1.1060373677932942
-0.8477288335427339,-1.4972809359803652,-3.324031391371052
-2.105593049820771,0.3445486805376338,2.5167028739049675
0.18762844104822105,0.42621458810216145,0.8500275309522166
-1.0162481522014348,-0.03560678610049773,-1.9851312736424984
1.9837730369971907,-1.9296230125582956,-9.889618576953895
0.6755925353887704,0.007580910086832332,-0.29002771258156296
0.15350432457999882,-0.21875668018909977,-0.4923307158990591
0.3233499962022421,1.3689391402447295,2.713710269814603
0.9207992405988734,2.181753596798102,4.373099059471034
-1.0799708456222323,-0.9412619871349923,-0.8277627139554455
2.1774929122011684,0.4311409764158456,3.1834440806156055
-1.2293469726296642,0.24620049947397574,-0.4786850241440905
0.1976897317301695,0.06680640142926826,0.007275302888309881
-0.09250946233928548,0.21386379234550304,0.39820967659600837
-0.21903764482631677,0.12210391802322867,0.3345992680079505
0.4456855375895741,0.9366050378087676,1.2151516349387539
0.46316025089876484,0.7374528597133384,1.7341656756749315
0.6496890052781111,-0.31499713476869823,-1.4366587691635364
-0.1627768215415978,-0.7677763864307061,-1.5485692841151488
0.9693594554098901,-0.08577566878381113,-2.2748045537668533
-1.589057287414776,8.547789099313021e-4,7.047144270409246
-0.15176506923877545,-0.6465421503165978,-1.2896451557744357
-0.13165080092990145,-0.0178582941851161,-0.04401172434720366
0.9121562330875663,-1.1906942593895014,-4.937661381200844
0.346414295419418,-0.41872618394064554,-0.6769833688341242
-0.40766259998570786,0.14581006122880422,0.26667759219722037
-0.33944745897774,0.8534512446118134,2.1778470001890478
1.2370922660695467,2.2887427009518375,8.143722558738414
1.3745976111778855,1.644214667810982,4.134893163692852
-0.27252615368542604,-4.605969405635368e-4,-0.005849937467586592
0.5133389542451365,1.2750259992419073,2.92341484636746
0.4247785579166499,-0.9076704511211401,-1.8781801217841934
0.2650602362656,1.3622915360389547,2.743621957889284
-0.28481751946360645,-0.8112876859464224,-1.6306239276820444
-1.8413620932026802,0.8977479406569883,-3.231197189312212
0.5589158372768083,-0.017724261923099848,0.014585139699027132
-0.4983508406835195,1.0368793226122743,2.9468273784693615
-0.6986089566799397,-0.8907974584317032,-1.0714698186584142
1.3765115508863321,-1.8308847928362144,-2.8760016919099716
-1.7355091075995508,-1.3060291663606407,-8.254255666391199
1.089559179990287,-1.4778185713623313,-4.230640788896024
0.39783179374540795,-1.4883280506609111,-2.7600477941106485
-0.04123614712236959,-1.0846663922387387,-2.168324044595926
0.7352946575701368,-2.0315674369156382,-4.52672200381167
-0.5853973035986699,1.9297754306184585,4.310485780400134
0.394158884231402,0.8437154743882568,1.5332809759905512
-0.6493378760578976,0.06474028564257392,0.570379200624477
0.6543884569981421,0.8208785266933698,1.2814381083787931
0.1521150267191527,-0.2511149412514666,-0.5540950702935087
-0.8092993402880152,0.4367553614447164,2.4145678520131275
0.04008394965797368,0.2415722093471499,0.4843949002731843
-0.11357118567659838,-0.671291768624931,-1.3281866038242034
1.5853203462679428,-0.3625406225066905,3.0871151932295877
0.9438646056261475,1.1892384757947683,1.8688639719661309
1.4602017001913195,-1.077699258221856,-9.569562155551896
0.050742069636219286,0.19142018043953554,0.38249722677272574
0.0012905113186981512,-0.20722413207892468,-0.4144521018469792
-0.10700165958880571,-0.449394528901969,-0.868524085764061
1.251470041837661,1.4221440260841915,3.2021093485554046
-1.192172668382793,-1.0601667671045312,0.8100229130087686
1.150499450512963,1.094620227736876,2.2441368060255678
-0.6096113641188488,1.0446150292499234,2.9388405899522687
1.320830684660326,0.010958612716811122,1.279473935741892
-1.7638423576716258,0.9407259872040914,6.724513494611785
-0.43442635587123757,0.6348843135837333,0.6287023284537111
0.8503604243915445,0.27422613419362984,0.6842061615328988
1.2273916902438846,-0.6515114402690271,6.320654358539565
1.0374273029829524,0.5662910027943094,-0.5062340516658392
1.0762262335831785,0.8330526464034606,0.30310385364893566
0.7708941752279374,1.858612116319508,5.169438255593459
-0.37368995821821327,-1.3383221820308697,-2.7130167373964236
-0.4122525545750133,0.7310914970553455,1.5625684341895694
-0.20846719014489257,0.282737912250442,0.526969424449407
-0.3024804402346423,-0.6482424750834541,-1.5388055436293229
-0.32930224072575687,-0.2453505206642263,-0.6986515255050925
0.30684000547702067,-0.7672697066169402,-1.5561461913375367
-1.7047260294524802,0.10567038322192814,3.5366646234845325
-0.45307273526481934,0.8207896768962116,1.9283216307647595
-0.4440075203737219,-2.4265221236374255,-5.097774905397793
0.03432376006220951,-1.134132522633197,-2.269123177182805
0.7929275089777325,-1.5450381633475416,-4.701602751771743
-1.3715583891918617,-0.9325071960922544,-6.398925436088859
-1.857606522989736,1.4691841980533193,2.101897247520175
-0.6332562025142501,-0.7191386709169313,-1.0950514909204287
-1.6132493470688705,-1.3022993521114303,5.201020255077487
-0.6879916725183849,0.5798817147313811,1.1243086132386675
0.006223641222870107,-0.41610841576429636,-0.8322450727308471
0.14757064937831577,-1.798765471507693,-3.558201594108198
0.7463810625768742,-0.5160702044789784,-0.43011294103425346
-1.4006162712286456,-1.8201344240152242,-2.5455595980134156
-0.30292768202850273,-0.14407125219557818,-0.17829940520491933
0.8257830079114361,2.391319088679909,4.584276055357941
0.45899959340870455,-1.4098283726919587,-2.866520888914533
1.1957909719270114,-0.46635398147289187,-2.733530565908941
1.0657690550016676,-0.12291884764311996,3.397631075817737
0.1801637816539919,0.026725235182311305,0.023067505746446188
-0.7906550582847109,-0.5584894733656,-1.519919545661195
-1.1524810352328025,-1.0664868185363943,-0.05204198326591847
-2.5010631519125566,0.9840265074165503,4.774888595935243
-0.5538656303106333,0.8762061644369326,0.853699656385588
-0.3470834228105756,0.03617346089121459,-0.3773151057917491
0.2200130049802403,0.8751971841953381,1.6341064258217097
0.07475390027176651,-0.9230922566078146,-1.8507874507330326
0.8803592465561865,0.3903132571893774,-0.45954327855690014
0.4008367178215747,-0.025763195037768593,-0.19007369984637773
-1.0507993643585436,-0.1376509431111579,-3.325863694631436
0.06367310386252652,-0.39804962303254987,-0.8008319202628045
2.5307948307665673,1.3413285364479735,18.12504209829357
-0.8646343848624417,-1.0718772133591756,-6.230044895717294
-1.2272574327790176,-0.9439401401329638,1.6368222250833215
-0.4857270032732319,-1.5690033125320277,-3.810668323363304
-0.23579605767971493,-1.1405610985103922,-2.2041732771727083
-0.7369807771665869,-0.016937781636616543,1.5946732661246772
0.39706573895909925,2.5551807192611697,4.731590682873192
-0.23076749619830775,1.0295455664218722,2.069606369069591
-0.07644030624746437,-0.2769020982874962,-0.5430125741691348
0.5046280519870062,0.039553841855003,-0.004094324120656981
0.22702217592185875,0.45126936545925156,0.8311879461699685
-0.5011150107216856,-0.5792413901564166,-0.4730304246775301
0.15041711170539562,-0.3462578623315804,-0.741630893582989
2.1714044108113053,-1.6205980209545747,27.816060350387595
-1.0114835595751226,0.1603277175112853,2.7569195640728568
-1.2224797320253626,1.094920693811008,2.749531836050383
-4.345161571278154e-4,-0.08881247729230873,-0.177625071897193
-1.021249667708062,0.08979200057338108,1.4796947580247215
-1.517320785957466,1.7385699321296761,-1.0815994492308887
0.07934796478371745,-0.9375341854347259,-1.8910108253515958
-1.4845705902478405,0.27058910770697436,-6.179925989052775
0.1485153390025108,-0.26369746115864723,-0.5597613483900319
-0.7193631096153549,-0.42199047475632667,-0.44407183598236655
-0.21299060548208384,-0.30004287721927564,-0.4904458617126166
0.435102797108685,-0.44930357847925695,-0.7379847049975725
0.3636958664726624,0.3655066571553654,1.1699826499704504
-0.662985081057989,-0.300828682255429,0.8752829985773944
-1.3391090314119698,0.13435407425494636,-4.271891336443824
-1.6280853088178613,0.2609914682728041,2.3677569419337114
-2.1243705965053863,-0.5637039911529144,8.658409459387261
-1.0653552046799477,-2.064593884547436,-6.740885544394836
-0.6246156851065309,-0.3886491861645198,-1.2968011348516355
1.2947392705043759,-1.8863441712220737,4.483246109070863
0.08190939598488955,0.16299542160733857,0.31678941607247707
0.48041554862286073,0.8167572672752478,1.3745062891453375
0.07426640771694955,-0.32425888095933847,-0.6412239836756963
1.5841853432641897,1.0513483718683436,4.710098875195575
0.359246936196486,0.6763572115379645,1.289315829099242
0.061330419829103186,0.04558006157561309,0.10753270174965185
0.3520593117442728,-1.3248975540495975,-2.594973327680581
0.08806560216867423,1.963758238721869,3.93033322378385
0.6295724223781644,1.0165689555372124,2.1099085860778724
1.3863320920448894,-0.21935539937112478,-4.4496908970841895
-1.2991217368705357,-0.592667716683699,-2.800650763122224
0.6803544564874352,-0.35330915146007097,-1.1356040732606303
-1.0749943850742851,-1.5801863082960865,-0.8608429631648669
0.9113254369867045,-1.5570651689511699,-5.412440664300975
0.5585379336317754,-0.5381197455875054,-0.004423845907817858
0.5442975807799704,-1.1002129965183929,-1.8965748433843526
-2.6775559054764555,-2.5978887223869407,-5.212044779052634
-1.1922389624031353,-1.0861184469516227,-10.739830099918901
-0.7254594823373871,-1.578839551542945,-1.693293222643783
0.11672213729046166,1.3637499876771844,2.7232056984465958
-1.648243529668936,-0.074658109071034,1.8755405730442767
0.9858242461452934,-0.44977426715575536,3.3840509276555286
0.683937931884997,-0.21191244435716056,-1.0600550503418225
1.1382797992293912,-0.4785665926664642,3.6897349141418614
2.990289758341086,-1.1549663938315722,29.28932194715532
1.081782711370729,0.34779979867819383,2.2078177639563035
0.5417142916716081,0.723931105934964,1.797871409338895
-0.8574028983642423,-1.9962777902978195,-5.916042818535761
-1.4796764970793344,-0.6550427198370253,-0.6575729073429157
-2.817889321562058,1.0299694413643454,16.8004046220942
0.4181425142338675,-0.8571236912423491,-2.2760330006871574
2.251033142476474,0.5622368585042026,7.702029763798331
-0.8912485567695989,0.26157967361682805,-0.4174974956828226
0.705965410296723,-1.5449628421582962,-3.217295877919682
-1.5180578421818152,-0.7885367814989201,2.147384127695977
1.200757060717361,-0.8658184197773615,-2.9884009330592045
1.2864624256421617,2.7862518920856285,0.11790712244128532
-0.04371507378249491,1.2503915871054976,2.50580374913667
-0.3361376701911045,-0.9671303344550922,-1.912545995047588
0.06482948468641322,-0.680800126039756,-1.3695800903931332
-0.4689781990027214,0.7299239727379296,2.07680011279703
0.09055267334756577,0.5697817400178212,1.1486859067567237
0.11486838884670175,-1.726512347091015,-3.483490152478263
-0.6879325732787721,-2.571294245346834,-4.661336367538148
0.8680820630949044,0.85417200493477,1.957722298842037
-1.3526738298837127,-1.042856882806291,-2.656526745772024
-0.7304022780466995,0.8689709076720464,1.29337509035576
-0.3764877220738369,-0.45495842844992085,-1.0493122635367436
0.09352742116182333,1.3620459590942393,2.6833407489674572
0.22010482546915286,-0.7033930047433613,-1.4507494773678764
0.7853914814346492,-0.9367850383301835,-1.89697408137141
0.6471502746412999,0.07194377222204607,0.2916445652036992
0.28903329795776334,0.8570168036639807,1.516339581445471
0.04009152308711566,1.047733382309966,2.0970562476373917
-2.334703007493945,-0.45877309847374886,22.22418312346744
-1.0015224283720132,1.1649987783461673,2.2666097856235456
-0.010559210977900581,-0.13042632660643214,-0.26081380240485397
0.6168136714332465,0.025691055625576255,0.057529100125598046
-1.6738353825579366,0.20149266126982737,4.278598155061772
0.26793279814504695,-1.773883909901468,-3.616428528689174
0.8822084451827763,0.08949455002784465,-1.2750714049630598
-0.7425158961352863,-1.1738808648463754,-0.8093346412900713
-2.0127725221429844,-0.9541843833261648,-2.0102037909649924
0.6534475920291947,0.2328550806490269,-0.3566722994829263
0.1935099003296011,0.40739213093306215,0.806748077271975
0.4126027434281951,0.06804090962040489,0.3379316856513617
1.1041489777075826,0.6252549220536745,0.11070221099847832
0.11294377016158876,-0.702386018779927,-1.3579159225746842
-0.8744638652241904,1.572616246218627,2.0220680382087304
0.09899016610094802,0.17539942487917626,0.3852832784925899
-0.16055169485495105,-0.1224638128061867,-0.2583108627675849
-0.8036518943402663,-0.9553695825478999,-1.2285250990407937
-0.8251320648242075,-0.7079990418511172,-4.344114051940369
-0.6756099323731987,-2.2133219593291877,-4.020486992490272
0.4787962041761714,-1.1716564637846538,-2.473081428649008
-0.8313393387900045,-1.405347065466467,-2.524750509066727
-1.1247925723981902,-0.41097011048469084,-0.17317883838700954
-0.7569120929986427,0.19617883741230946,0.9288225512974931
1.178182868423848,1.0709198233271278,-1.4120877434064942
0.28685859197974806,-1.2677438829978427,-2.468121498779598
1.1917747813216453,-1.1267600187054716,2.750385582949687
2.131852456198579,-0.17046194196756498,11.55829840742771
0.3596047099804847,0.5016265377710215,0.8217231701499487
-2.167513722681743,1.2534803364549563,-4.945679477049481
-0.28117165552653406,1.6934917468698856,3.0557697093522505
0.7986315672884419,-0.6561354218946591,-3.591716553008159
0.43409136982795954,-0.19563121329615263,0.05142984770527159
-1.5866921593908159,-1.134936351412292,-11.181515169321099
0.7376594529690296,-1.1552333978498428,-3.0145226712729203
0.28212900088948717,-1.0704759560069839,-2.0607422352684526
0.09261986849993742,0.2704705224630811,0.57564816477607506
-0.39434165061742465,-0.2359802401517277,-0.44709938049089465
-0.5075695015081637,0.35347238503611994,1.2657692830099716
-1.4358335910028042,-0.36561204112894463,-2.7896815939160087
0.04476414521297071,1.4390439600329883,2.8844948902088916
-0.14239477463147782,0.8727119638281611,1.7775121005046715
-0.9592411555698527,1.7012916617160778,4.812515298383234
-3.200926380691855,0.5113340619581656,-6.0561959627084265
-1.6068075869519927,1.4482029372530332,2.7919250369989586
-0.3803742222628644,-1.1584581729776866,-2.5706359697300774
0.30523678450055075,-0.39583927605491553,-1.1805460410895514
-0.39568180729550345,1.2028132938311988,2.593357310284053
0.2643514329164861,-1.169211535082877,-2.2765391868286105
0.9175795657504187,-0.5166625421755853,0.17333951930901548
1.1519816371020266,1.1673108788413071,3.7947214075292606
0.26291118086870185,-0.1381582266328364,0.022591882008335284
-0.03372719901325879,1.0403069643567917,2.0853357679240982
-0.29812835273263577,0.10716752369972855,0.41272965686154084
0.2091919204898003,-1.4042910759129583,-2.7584781471132658
0.4718768363280407,-0.7740066742588253,-0.9296426798546834
-1.54363226274763,0.49737699243748135,3.899688058268428
-1.2443278944374876,-0.2278904451123994,6.103769543950827
-1.0566079664173393,-1.0480072849548268,-1.949758079462502
1.0950296620614541,-1.2230829563517738,-3.1901211775577574
-0.716137839006306,-1.3032948186723976,-1.4003255082386812
0.5225101242070715,-0.7695680381712157,-1.0659059708818308
0.07993062461315927,-0.8975838481537177,-1.8013820977843276
0.31024808122980696,-0.590942969342927,-1.047033021284025
-1.5385618137420172,0.28081577849890954,1.8124688536149867
-0.2633268385457193,-0.4168209425842481,-0.5873602970312909
1.489200164178062,-0.9247283055149589,1.75253042133637
-0.07825415004368534,0.252521987262162,0.5094998155970993
1.3866547611449493,0.6972934744544472,-4.83528602671962
-0.8705074591162691,-0.12735041134147737,-0.24736415971751516
0.57066927323493,0.36718107940031186,0.15206174961066254
-0.05773441390579351,-0.9632374612122693,-1.9309264030157072
-0.44328089967907247,-0.4830145166656843,-1.7165087010704485
0.9330601316683016,0.46721547120691054,0.8573481878133635
-0.08722093111841389,-0.7801274588922295,-1.575458283804883
0.5698789397274848,-1.1544862387051242,-2.801916304372617
-0.7279712562349665,2.071073176654869,3.842065261848862
0.9299488556073323,0.09380918859427756,-1.3397081078366093
-0.8378666585016653,1.88938693496617,4.158553796931256
0.5194752351726399,-0.4884258697021605,-0.8452740823013003
2.2776837881867134,0.10901447974020774,-4.353189323736907
-0.3699726045504192,-0.49479298557358964,-0.9420886967937782
0.5636226706748175,1.3295715702638662,2.512379045051445
-0.6465414829910889,0.9844872354309856,3.178072111062403
-1.1477393453321416,0.8154334216045352,7.982135927061107
-0.7426834466037321,-0.6041176067757047,0.6844251479372674
0.24295933136656184,-0.36027160875057757,-0.5271799047620928
0.1474596428515342,1.0895325964082674,2.1635933305438915
-0.05751007235021118,-0.2508507866067909,-0.520680091223516
-0.6317718005876298,0.5846906669168265,0.8918645967601817
-0.4110975190989469,1.0447818774361848,2.1464491568170336
2.1185448461842067,0.3786516573218799,4.789635966347955
-0.5783119726445316,-2.154286576095179,-2.742922458879419
-1.6441245238082696,-0.8308181738047979,-1.7274508603360443
0.2690358539029787,1.198575610072325,2.4493747821798406
2.3952532901850034,-0.43777855821385453,14.163090805612063
0.22393512245577882,-1.2266915150590807,-2.5785976316260277
-0.23663748475523125,1.1231074772582283,2.4857112246763466
1.1340694451091522,0.9257686944189153,0.6554561315907741
-0.26457463889675353,-0.7122627765688471,-1.403086344942123
-1.9952888777467557,0.48913163010383537,11.669876658384945
-0.06314657754852443,0.834944664631835,1.6570838256505664
0.3373573422659674,-0.12831477687439052,-0.3103542347321773
-0.5108944198258476,-1.3153222430574834,-2.3974071000360384
-0.3995322726379489,0.4532443563479992,0.8443261079763191
-0.14204412240472622,-1.9388632450288834,-3.9595377040341146
1.6739777896283279,-1.0499705114736255,-5.9205552577643346
-0.854414826364173,-9.827326244361874e-5,0.7150513785082064
0.5349773752435363,-1.2915154406643037,-2.6733265479325468
-0.34713031961157886,-1.0467617537014655,-1.9035154661240288
1.923042759313372,-0.262955055203117,-2.3013624278295874
-0.056446768842962014,-1.1584060274396375,-2.314919865409234
-0.062102470773188534,-1.8991490092884096,-3.8058190997513974
-0.8473792816282555,0.528628598258788,1.855155993915897
-0.09226839790170696,0.11859076763303343,0.27413193679960796
1.0115999494981525,0.3894992554867349,-2.2492097664473985
-0.27814947504573645,-0.6714167226524554,-1.319601629492787
0.04347593911604266,-2.340285513872358,-4.681966222606057
-0.45490513661326765,1.84491227252301,3.183071067609892
-0.07273463394140972,1.3787235772357305,2.7592413331719454
-1.545138403414104,0.5576603241030204,8.538068228084125
0.4839007378494836,-0.9131215385259737,-1.4838474844095166
0.35543862041629426,2.0961682261353842,4.427030872256253
2.0453463732365913,0.04116880813846443,3.660174680351274
0.09705077847703587,-0.032245543187389626,-0.07081230974955402
-0.3915058894521487,2.3619475557974723,4.6331272002952915
-0.4624149186422509,1.125997829035886,1.958435485636576
-0.02577058476941122,-0.6684662578665017,-1.3376029460909002
0.06447976059911995,-0.05844464365688662,-0.10287094306886521
-1.3298185217626837,0.88989096005295,-1.8144579195545842
-0.7884785672657416,0.8794146355008776,2.0633751336677997
-1.289577635878399,0.5474472170735318,2.6043340426440293
-0.1878152016089249,0.7439147991747989,1.4843594179361754
-0.5871823468975731,-0.14398260117578482,-1.167955477233062
1.9067881931576263,-0.3210602491766222,0.2232100424787845
0.9830993787044816,-0.07169257168984197,-0.9331649104053386
-0.77670571539115,-0.19638066745856816,-1.6403531266434317
-1.335008185013915,-0.8394045479662321,-0.3966990878228345
1.591164493508728,-1.1314536070472367,-2.139463751570686
2.0431098212253542,0.668298759671732,3.2683109429100377
0.7474788602426473,-1.4659891349970762,-2.1994917797659093
0.6662634113803284,0.8702541258074555,1.357832719377381
-1.895114701900551,-0.20477888755223858,-8.01603661623384
-0.3881224612959666,-0.6178469442525847,-1.2666431928551394
0.9427807030090273,-0.26522620150183585,0.5979224056822707
-1.1162983453170272,-1.3060396351072312,1.273408553354042
0.8384033714552266,-0.952683530426199,-2.578637956016236
0.5813221664430831,-0.02900504631608681,-0.43347955369508095
0.38786840973949255,-1.0806683060933042,-2.4420949076285132
1.0367375866080077,-1.6882767978930768,0.21911385788113513
-0.16384615370327715,-1.1814552947359804,-2.2943877012151495
0.5216048700721402,-0.19684401619320713,0.4911418682338651
-0.9741266449308474,0.1839537861839646,1.1486464972499733
-0.39808521230899446,-0.17020932238722017,-0.01690684257176528
-0.18788715767979933,0.699214955757922,1.43344009766154
1.043710397847543,0.2685635936938015,-1.3773253372516114
-1.7708266532685273,-0.14420494066652587,1.2450161721464919
-0.8376646131012518,0.19617361350798468,-0.5696106105126751
-1.061971963196461,2.032965639234985,6.2478469843278255
0.3476073835388779,1.2452681006262791,2.454475222520455
-0.5866739203963566,1.1179280639846276,2.509171468484382
-0.22208342105236412,0.785484572764114,1.6322222871336312
0.1566759317464305,-0.9579380453734588,-1.925696825930431
-0.1468134443806158,2.3891699242868016,4.7497801232661025
0.8683093362156211,0.8744731567673527,2.1595898881773925
-0.019430768281755967,0.9140454627711798,1.8285019809387444
0.4340623679804993,-0.0993706565678949,0.15503105453911054
0.6201878976627043,0.565015220589714,0.6543574366761417
0.481352129601814,0.19212695564601087,0.05627521333155028
0.46021522516521074,1.6791499419311615,3.429568087249643
-0.19598634362784784,0.6423641036379802,1.2978410148042696
-0.670146443393576,-0.7458922977721121,-3.8226600018372308
0.12171931101236808,0.08276287412445649,0.16445014252016302
0.023814965256680063,0.25357977089130895,0.5069739667186545
-0.4689964552027082,-0.04759882038099064,0.35062377647049064
-0.1521087080539779,-1.3728939690516557,-2.800115649232012
1.7443664450659124,1.2249016272961952,1.008347382924405
0.9830750773710049,-0.6548679601081855,-0.8209513756737612
1.0859572688673007,-0.8356409435931156,0.9911386015222736
0.807007381844036,0.752064270002854,1.0035232127535991
-0.6882745640339138,1.435854570592091,1.8252864396954687
1.1268973314986586,0.6951347868880802,4.3351693422752735
1.0659261002459688,0.7178537257018025,5.375321862555957
0.44211770600463346,0.36001555466543766,0.9235240616958114
-0.3799801536788985,0.8945983183438468,1.7179387739767564
0.27855995940145667,-0.2799992459957858,-0.7468962957989074
0.9216842633455069,0.8345819511232853,2.5740464238874416
2.5455930981172417,0.6476608529298215,8.972948658246759
1.5311574508257129,0.26408180147094373,-4.853706539895939
0.3153175419711237,0.8342705544010716,1.8954708414894883
-1.7777380819724116,-0.735279732626998,-12.066358773198164
-0.3079881793941748,-0.009960665429186246,0.21488434782606744
1.5985074071974081,0.24830337618074683,4.446159660082114
-2.0330451554931477,0.0202781116379679,4.25098836287915
-0.07186754033003366,0.004368098499496703,-0.007618252181374191
-0.08321173274479257,-0.43719820059990067,-0.891236006549612
0.1738365778291212,-0.5030111615219615,-0.8388778393503853
0.6233099642111855,-0.9321239921557944,-2.646929999668494
-1.4014862096570329,1.119087586635994,8.004906624803926
-1.8134359732650345,0.4743996480609779,-0.6798314686329872
-1.838114426285961,0.06901224368277709,11.303964591716117
-1.7668820434946664,-0.35567777208442014,-4.94236541574766
-1.40731049413467,1.0250628840566194,-1.6590042174395565
0.9291829846712234,-1.4856667356665165,-3.255000178524009
-0.6043526572943272,-1.7920474290199364,-4.262389113370991
-0.3568480639125839,1.5618891270965038,3.9232394386100005
-0.5433006788843437,0.27159265161894586,0.6406777287299695
0.15630189120469565,-0.40486264692087054,-0.7981940139296655
-1.011696964007856,1.2394985086202408,4.153571535448278
-0.060176614399806615,1.7736086846809196,3.5549577157712138
0.1826483971645883,0.1573906268049827,0.46331262885523766
1.1325768546815371,0.8796044419585294,3.4516025501419976
