"age","hours","listen_work","play_instrument","composer","bpm","foreign","fav_classical","fav_pop","fav_rock","fav_other","anxiety","depression","insomnia"
18,3,1,1,1,156,1,0,0,0,1,3,0,1
63,1.5,1,0,0,119,0,0,0,1,0,7,2,2
18,4,0,0,0,132,1,0,0,0,1,7,7,10
61,2.5,1,0,1,84,1,0,0,0,1,9,7,3
18,4,1,0,0,107,0,0,0,0,1,7,2,5
18,5,1,1,1,86,1,0,0,0,1,8,8,7
18,3,1,1,0,66,1,0,0,0,1,4,8,6
21,1,1,0,0,95,1,0,0,0,1,5,3,5
19,6,1,0,0,94,0,0,0,1,0,2,0,0
18,1,1,0,0,155,1,0,0,0,1,2,2,5
18,3,1,1,0,NA,0,0,0,0,1,7,7,4
19,8,1,0,0,125,0,0,0,0,1,1,0,0
NA,3,1,0,0,NA,1,0,0,0,1,9,3,2
19,2,1,0,0,88,0,0,0,0,1,2,1,2
18,4,1,1,0,148,1,0,0,0,1,6,4,7
17,2,0,0,0,NA,1,0,1,0,0,7,5,4
16,8,1,0,0,103,1,0,0,0,1,8,8,4
16,12,1,0,1,120,1,0,0,0,1,5,7,10
17,24,1,0,0,99,0,0,0,0,1,7,5,0
15,3,0,0,0,120,0,0,0,0,1,7,3,0
15,8,1,0,0,120,1,0,0,0,1,6,9,3
17,4,1,0,0,125,0,0,0,0,1,10,10,2
19,5,1,0,0,118,1,0,0,0,1,6,7,5
18,2,1,0,0,79,1,0,1,0,0,3,3,8
16,3,1,1,1,84,1,0,0,1,0,10,6,8
18,2,0,0,0,169,1,0,1,0,0,7,4,2
14,12,1,1,1,136,1,0,0,1,0,8,6,10
18,6,1,1,1,101,1,0,1,0,0,3,2,1
17,2,1,1,0,126,1,0,1,0,0,6,6,4
17,1,1,0,0,183,0,0,1,0,0,8,2,1
20,5,1,1,0,NA,1,0,0,1,0,7,7,2
19,2,1,0,0,120,0,1,0,0,0,4,4,4
19,6,1,1,0,NA,1,0,0,0,1,9,8,2
17,4,0,0,0,142,1,0,0,1,0,5,6,6
16,1,1,0,0,75,0,1,0,0,0,0,0,0
18,5,1,1,0,120,0,0,1,0,0,3,2,1
21,4,1,0,0,89,1,0,1,0,0,6,8,0
17,3,1,0,0,NA,0,0,1,0,0,2,0,4
26,0.5,0,0,0,140,1,0,0,1,0,9,8,1
20,4,1,0,0,161,0,0,0,0,1,7,2,8
23,2,1,1,1,80,0,0,0,0,1,4,2,3
18,5,1,1,0,130,0,0,0,1,0,7,6,5
37,0.25,0,0,0,147,0,0,0,0,1,3,2,10
17,3,1,0,0,120,1,1,0,0,0,6,6,8
18,4,1,0,0,77,1,0,0,0,1,1,0,8
17,1,1,1,1,118,0,0,0,0,1,7,3,1
36,1,0,1,1,132,0,1,0,0,0,8,9,3
24,3,1,0,0,115,1,0,0,1,0,9,6,4
18,5,1,0,1,157,1,0,0,0,1,7,9,5
19,3,1,0,0,90,1,0,1,0,0,7,4,2
17,2,1,1,0,128,0,0,0,0,1,0,0,0
16,6,1,0,0,169,1,0,0,0,1,7,8,7
23,1,0,0,0,140,1,0,0,0,1,10,6,3
23,12,1,0,0,96,1,0,1,0,0,3,7,5
22,4,1,0,1,126,1,0,0,1,0,8,7,4
16,2,1,1,0,NA,0,1,0,0,0,0,0,1
18,6,1,0,0,91,0,0,0,1,0,8,6,2
42,0,NA,0,0,NA,1,0,0,1,0,9,0,10
23,7,1,0,0,55,1,0,0,0,1,6,4,2
23,1,1,1,0,85,0,0,0,0,1,7,0,0
19,1,0,1,0,160,1,0,0,0,1,10,1,0
22,1,0,1,0,108,0,0,0,1,0,8,7,0
15,2,1,1,0,156,0,0,0,1,0,3,2,6
25,2,0,0,0,170,1,0,0,0,1,5,5,3
32,5,1,0,0,91,1,0,0,1,0,10,10,3
36,6,1,0,0,174,1,0,0,0,1,5,4,10
24,3,0,0,0,130,1,0,0,1,0,0,0,8
29,4,0,0,0,140,0,0,0,0,1,8,8,5
41,3,1,1,1,130,1,0,0,0,1,10,7,8
36,2,1,1,1,127,0,0,0,1,0,7,3,1
19,3,1,0,0,160,0,0,0,1,0,8,7,4
31,2,1,0,0,NA,1,0,0,1,0,10,2,0
16,4,1,0,0,NA,1,0,0,1,0,9,8,1
26,2,1,1,1,165,1,0,0,0,1,6,3,1
22,0.5,0,0,0,113,0,0,0,0,1,7,7,0
16,5,1,1,1,167,1,0,0,0,1,7,7,8
17,5,1,0,0,95,1,0,0,0,1,4,1,0
19,10,1,0,0,110,1,0,0,0,1,7,2,1
18,2,0,0,0,150,1,0,0,0,1,9,0,5
18,4,1,0,0,93,1,0,0,0,1,2,7,1
19,5,0,1,1,90,1,0,0,1,0,10,8,7
19,3,1,0,0,118,0,0,0,0,1,3,0,0
22,2,1,0,0,126,1,0,0,0,1,7,8,5
16,2.5,1,1,1,103,1,0,0,1,0,2,1,0
19,3,1,0,0,77,1,0,0,0,1,5,4,0
37,1,1,0,0,115,0,0,0,1,0,9,10,6
14,7,1,1,0,110,0,0,0,0,1,2,0,0
33,1,0,0,0,NA,1,0,0,0,1,5,2,5
26,1,0,0,0,113,0,0,0,0,1,3,2,0
32,3,1,0,0,157,0,0,0,0,1,2,0,7
30,5,1,1,0,160,0,0,0,0,1,7,6,6
43,6,1,1,1,109,1,0,0,0,1,5,4,8
24,4,1,0,0,175,1,1,0,0,0,4,6,5
36,1,1,0,0,110,0,0,0,1,0,6,2,3
19,4,1,0,0,162,0,0,0,0,1,8,2,1
22,10,1,0,0,189,1,0,0,0,1,9,6,0
20,3,0,0,1,121,1,0,0,0,1,0,3,7
31,2,0,0,0,200,0,0,0,1,0,8,9,6
19,4,1,0,0,105,1,0,0,0,1,4,1,1
15,8,1,0,0,193,0,0,0,1,0,8,7,5
18,2,0,1,1,149,1,0,0,0,1,3,4,6
25,0.5,0,1,0,140,0,1,0,0,0,1,1,3
17,5,1,0,0,134,0,0,0,0,1,10,8,6
28,1,0,0,0,120,0,0,0,1,0,6,6,2
20,3,1,0,0,170,1,0,0,1,0,6,7,0
21,2,1,1,0,107,1,0,0,0,1,8,4,10
41,3,1,0,0,113,1,0,1,0,0,9,7,6
20,2,1,1,0,126,0,0,1,0,0,7,4,6
34,4,1,0,0,161,1,0,0,0,1,6,7,0
21,3,1,0,1,NA,0,0,0,0,1,10,0,10
23,2,1,0,0,100,1,0,0,0,1,6,3,0
16,3,0,0,0,140,0,0,1,0,0,7,5,5
19,4,1,0,0,156,0,0,1,0,0,7,10,5
22,2,1,1,0,98,1,0,0,1,0,8,6,0
19,8,1,0,0,100,1,0,0,0,1,4,3,0
23,4,1,0,0,78,1,0,0,0,1,7,6,7
23,2,0,1,0,117,1,0,0,0,1,7,3,2
22,1,0,0,1,128,0,0,0,0,1,2,7,5
17,3,1,0,0,130,0,0,0,1,0,7,8,6
28,0.5,0,0,0,130,0,0,0,0,1,4,7,1
23,2,0,0,0,NA,1,0,0,1,0,7,8,5
19,3,1,0,0,126,1,0,0,1,0,5,2,8
17,2,1,1,1,122,1,0,0,0,1,10,7,4
21,1,0,0,0,179,0,0,0,1,0,6,5,0
29,5,1,0,0,200,1,0,0,0,1,7,2,3
22,10,0,1,1,128,1,0,0,0,1,4,7,7
18,4,1,1,1,130,1,0,1,0,0,4,5,6
13,2,1,1,1,120,0,0,0,1,0,7,10,5
24,1,0,0,0,86,0,0,0,0,1,6,4,5
35,6,1,0,0,166,1,0,0,1,0,4,1,3
29,1,1,1,0,110,0,0,0,0,1,6,6,1
28,6,1,0,0,144,0,0,0,1,0,10,8,7
32,7,1,0,0,120,1,0,1,0,0,10,8,2
32,1,0,0,0,120,0,0,0,0,1,3,6,2
21,3,1,1,0,160,0,0,0,1,0,8,9,2
18,2,1,1,0,101,1,0,0,0,1,8,3,8
19,3,1,1,0,122,0,1,0,0,0,3,3,1
18,2,1,1,0,NA,1,0,1,0,0,6,5,2
16,3,1,0,1,NA,0,0,1,0,0,0,0,4
25,1.5,1,0,0,61,0,0,1,0,0,6,5,0
17,4,1,0,0,79,1,0,0,0,1,3,8,0
16,2,1,0,0,126,1,0,0,0,1,1,8,0
27,10,1,0,0,185,1,0,0,0,1,5,6,6
53,7,1,0,0,92,1,0,1,0,0,0,0,0
25,1,1,0,0,107,0,0,0,0,1,0,8,0
34,2,0,0,0,120,0,0,0,0,1,3,7,0
22,6,1,1,1,140,1,0,0,0,1,8,8,8
17,2,1,1,1,94,0,0,0,0,1,5,2,3
26,3,1,1,0,160,0,0,0,0,1,8,8,3
19,8,1,0,0,174,0,0,0,0,1,6,8,8
21,3,1,0,0,136,1,0,1,0,0,6,8,6
32,3,1,1,1,144,1,0,0,1,0,6,6,7
21,3,1,0,0,77,0,0,0,1,0,9,10,3
25,2,0,1,0,120,0,0,1,0,0,7,7,5
26,1,0,0,0,NA,0,0,0,1,0,10,7,2
21,2,1,1,0,NA,1,0,0,0,1,1,3,0
17,2,1,1,0,NA,1,0,1,0,0,5,3,2
28,4,1,0,0,194,1,0,0,1,0,6,8,1
41,4,1,0,0,60,0,0,1,0,0,7,2,0
18,1,1,1,0,190,1,0,0,0,1,6,9,9
22,2,0,0,0,87,1,0,0,0,1,1,1,4
18,2,1,0,0,122,1,0,0,0,1,0,2,0
49,1,1,0,0,156,0,0,0,0,1,8,8,2
21,3,1,1,1,150,0,0,0,0,1,3,3,7
27,10,1,0,0,194,1,0,0,0,1,8,8,3
19,1,0,0,1,160,1,0,0,0,1,6,4,0
27,3,1,0,0,171,1,0,0,0,1,1,0,0
27,1.5,1,0,0,95,0,0,0,1,0,5,5,4
19,3,1,1,0,114,1,0,0,0,1,8,9,6
42,2.5,1,1,0,148,1,0,0,1,0,8,8,7
60,2,1,0,0,119,0,0,0,0,1,3,0,2
19,5,1,0,0,136,1,0,0,0,1,0,5,1
20,2,1,0,0,141,0,0,1,0,0,6,3,0
28,2,0,0,1,146,0,0,0,0,1,1,7,5
16,2,0,1,1,NA,0,0,0,0,1,4,2,1
18,2,1,0,0,164,1,0,0,0,1,5,6,0
34,1,1,0,0,NA,1,0,0,1,0,1,0,0
18,1.5,1,0,0,NA,0,0,1,0,0,8,6,5
21,5,1,1,1,128,1,0,0,0,1,9,4,0
38,0.5,0,0,0,NA,1,0,0,1,0,4,6,6
17,2,1,0,0,NA,1,0,0,1,0,7,3,1
35,0.5,0,0,0,NA,0,0,1,0,0,10,3,1
21,2,1,0,0,101,1,0,0,1,0,8,8,3
25,2.5,1,0,0,NA,0,0,0,0,1,7,6,5
18,2,1,1,0,98,1,0,0,0,1,7,2,3
16,2,0,0,0,145,0,0,1,0,0,10,3.5,5
19,1,1,0,0,94,1,0,1,0,0,7,5,1
31,4,1,1,0,103,1,1,0,0,0,6,8,9
26,5,1,0,0,NA,0,0,0,1,0,2,9,2
16,2,1,1,1,112,0,0,0,1,0,7,4,10
26,2,1,1,0,NA,1,0,0,1,0,7,5,6
17,2,1,0,0,118,1,0,0,0,1,6,1,0
22,1,1,1,0,NA,1,0,0,0,1,3,6,1
20,4,1,0,0,113,1,0,0,0,1,9,10,3
30,1,0,1,0,162,0,0,0,1,0,8,5,8
26,4,1,0,0,NA,0,0,1,0,0,8,7,7
19,5,1,0,0,111,1,0,0,1,0,9,9,9
21,5,1,0,0,85,0,0,0,0,1,9,8,9
33,7,1,0,0,134,1,0,0,1,0,9,3,7
28,2,1,0,0,172,0,0,0,1,0,10,8,6
25,3,1,0,0,180,1,0,0,1,0,9,6,3
22,2,1,0,0,120,0,0,1,0,0,7,7,8
19,3,1,0,1,76,1,0,0,1,0,9,10,4
44,3,1,0,0,130,1,0,0,0,1,9,9,8
22,3,1,0,0,NA,0,0,0,1,0,9,10,3
26,5,1,1,1,109,1,0,0,0,1,10,9,8
23,6,1,0,1,96,1,1,0,0,0,6,5,6
17,2,0,0,0,148,1,0,0,0,1,8,6,10
42,2,0,0,0,NA,0,0,0,0,1,8,3,6
30,1,0,1,0,129,0,0,0,1,0,4,2,1
35,1,1,0,0,81,1,0,1,0,0,2,1,1
20,3,0,0,0,136,0,0,0,1,0,10,10,7
18,3,1,0,0,155,1,0,0,0,1,8,9,0
21,1,0,0,0,NA,1,0,1,0,0,4,9,6
19,6,1,0,0,52,1,0,0,1,0,4,2,0
37,4,1,0,0,97,0,0,0,1,0,9,2,7
31,2,1,0,0,92,1,0,0,0,1,8,6,7
29,2,1,1,0,100,1,0,0,0,1,6,5,4
20,3,1,0,0,120,1,0,0,1,0,8,5,2
36,8,1,1,1,143,1,0,0,0,1,7,6,6
18,3,1,1,0,118,0,0,0,1,0,10,2,0
18,2,1,0,0,130,1,0,0,0,1,6,0,0
25,7,1,0,0,120,1,0,1,0,0,2,0,1
18,12,1,NA,0,126,1,0,0,0,1,3,7,5
31,9,1,0,0,158,1,0,1,0,0,9,0,2
17,2,1,0,0,160,1,0,1,0,0,5,4,1
21,1,1,0,0,NA,1,0,0,0,1,8,4,0
30,1,0,0,0,119,0,0,0,0,1,8,10,2
40,2,1,0,0,120,1,0,0,0,1,3,6,2
64,4,1,0,0,200,0,0,0,1,0,4,4,2
14,2,1,1,0,136,1,0,0,1,0,7,5,2
26,6,1,0,0,104,0,0,0,1,0,3,2,0
35,4,1,1,1,90,1,0,0,0,1,9,9,5
33,1,0,0,0,120,0,0,0,1,0,3,10,4
30,6,1,0,0,89,1,0,0,0,1,9,0,5
31,2,0,1,0,95,NA,0,0,0,1,7,6,6
27,5,1,0,1,140,1,0,0,0,1,0,9,4
53,1.5,0,0,0,92,1,0,1,0,0,2,2,2
23,5,1,1,1,120,1,0,0,0,1,6,9,2
25,2,1,0,1,128,0,0,0,0,1,6,4,1
16,4,1,1,0,140,1,0,0,0,1,8,9,4
18,2,1,1,1,NA,0,0,0,1,0,6,7,4
29,5,1,1,1,NA,1,1,0,0,0,7,2,2
31,6,1,0,0,136,1,0,0,0,1,8,6,5
31,1,0,0,0,132,1,0,0,1,0,3,10,0
38,6,1,1,0,107,1,0,1,0,0,9,4,9
17,4,0,1,0,135,1,1,0,0,0,7,9,2
25,2,0,0,0,171,1,0,0,0,1,10,3,1
20,2,0,1,1,220,1,0,0,0,1,0,0,0
15,2,1,0,0,171,0,0,0,0,1,9,6,1
16,4,1,0,1,85,0,0,0,0,1,7,1,3
20,2,1,1,0,174,1,0,0,0,1,9,7,5
23,6,1,0,0,87,1,0,0,0,1,3,1,2
22,3,1,0,0,77,1,0,0,0,1,6,6,8
15,5,1,0,0,126,1,0,0,1,0,10,6,0
17,0.5,1,1,0,136,1,0,0,0,1,6,3,1
22,1,1,0,0,80,1,0,0,0,1,3,3,0
21,10,1,0,0,92,1,0,0,0,1,9,10,2
19,2,1,0,0,120,1,0,1,0,0,7,5,0
32,0.5,0,0,0,NA,0,1,0,0,0,3,0,4
34,1,0,0,0,138,1,0,0,1,0,9,9,6
18,2,1,1,0,150,1,0,0,0,1,5,7,7
21,3,1,0,0,108,0,0,0,0,1,0,8,0
20,3,0,0,0,119,1,0,0,0,1,8,4,3
19,2,1,0,0,125,0,0,0,0,1,7,2,0
25,1,0,0,0,NA,1,0,1,0,0,9,9,6
31,8,1,1,0,NA,1,1,0,0,0,5,7,5
21,1,1,1,0,85,1,0,1,0,0,5,1,0
31,1,0,0,1,113,1,0,0,0,1,4,1,3
20,1,0,0,0,86,0,0,1,0,0,3,5,3
19,5,1,1,0,141,0,0,0,1,0,2,2,0
19,5,1,0,0,97,1,0,0,0,1,0,1,3
23,4,1,0,0,NA,1,0,0,0,1,7,8,6
24,8,1,0,1,120,0,0,0,0,1,6,4,8
20,0.7,0,0,0,144,0,0,0,1,0,5,6,8
15,3,0,0,0,84,0,0,0,0,1,6,6,2
17,7,1,0,0,84,1,0,0,0,1,8,9,3
20,1.5,0,1,1,60,1,0,0,0,1,8,4,3
14,4,1,1,1,81,1,0,0,0,1,8,6,5
24,4,1,0,0,150,1,0,0,0,1,8,8,7
14,10,1,0,1,95,0,0,0,0,1,5,2,5
23,2,1,1,1,138,0,0,0,1,0,6,8,4
28,2,1,0,0,NA,0,0,0,1,0,7,5,2
22,6,1,0,0,140,1,0,0,0,1,8,8,7
25,0.5,1,1,0,139,1,0,0,1,0,10,2,0
27,2,1,1,1,100,1,0,1,0,0,8,7,7
18,5,1,0,0,NA,1,0,0,1,0,8,8,8
17,3,1,1,1,120,0,0,1,0,0,8,10,9
23,4.5,1,0,0,NA,1,0,0,1,0,6,1,8
40,3,1,0,0,178,1,0,0,1,0,0,4,4
27,20,1,0,0,NA,1,0,0,1,0,8,10,10
18,1,0,0,0,100,0,0,1,0,0,3,2,0
16,2.5,0,1,1,110,0,0,0,0,1,5,3,3
18,1,0,0,0,108,1,0,0,1,0,8,9,6
23,2,0,1,0,NA,1,0,0,0,1,10,3,0
15,5,1,1,0,161,0,0,0,0,1,6,7,8
20,3,1,1,0,200,0,0,0,0,1,7,4,7
16,3,1,1,0,NA,0,0,0,1,0,9,8,6
16,0.5,0,0,0,156,1,0,0,1,0,8,0,0
20,8,1,1,1,120,0,0,0,0,1,8,9,2
33,2,1,0,0,NA,1,0,0,0,1,7,2,3
22,3,1,1,1,90,1,0,0,1,0,10,10,4
21,3,1,0,0,85,1,0,0,0,1,8,8,3
21,5,1,1,0,171,1,0,0,0,1,8,7,7
29,1.5,1,0,1,108,1,0,0,1,0,8,7,1
56,1,1,0,0,105,0,0,1,0,0,6,5,10
17,2,1,1,0,76,0,0,1,0,0,7,6,0
22,1,1,0,0,108,0,0,1,0,0,7,4,0
26,4,1,0,0,140,1,0,1,0,0,8,7,2
30,1,1,0,0,200,1,0,0,0,1,4,4,4
49,2,1,0,0,147,0,0,0,0,1,0,0,2
22,2,1,1,1,120,1,0,0,0,1,6,4,0
32,2,0,0,0,158,0,0,0,1,0,4,7,0
32,1,0,0,0,110,0,0,0,1,0,8,4,3
22,6,1,0,0,103,0,0,0,0,1,5,5,3
17,2,1,0,0,93,1,0,0,1,0,0,8,0
21,4,1,1,0,62,0,0,0,1,0,7,4,6
17,1.5,1,0,0,180,1,0,0,1,0,8,7,7
25,3,1,0,0,150,0,0,0,0,1,9,8,6
15,4,1,0,1,105,0,0,0,1,0,8,6,4
13,10,1,0,0,140,0,0,0,0,1,7,2,0
38,3,1,0,0,NA,1,0,0,1,0,6,7,7
23,3,0,0,0,161,0,0,0,1,0,7,6,4
17,3,1,0,0,120,1,0,1,0,0,1,1,1
59,2,1,0,0,103,0,0,1,0,0,1,1,3
22,2,1,1,1,72,0,0,1,0,0,2,7,1
17,3,1,0,0,113,1,0,1,0,0,6,2,3
27,2,0,0,0,120,0,0,1,0,0,7,7,3
23,5,1,1,0,95,0,0,0,0,1,8,7,0
15,6,1,0,0,97,0,0,0,1,0,8,3,5
22,3,1,1,1,140,0,0,0,0,1,5,4,2
23,5,1,0,0,120,1,0,0,0,1,7,10,10
19,5,1,0,0,118,1,0,0,0,1,7,6,8
32,6,1,0,0,91,0,0,0,1,0,8,7,0
40,6,1,0,0,128,1,0,0,1,0,10,7,3
21,3,1,0,0,86,0,0,0,0,1,6,5,5
21,10,1,0,0,107,1,0,0,1,0,8,7,6
23,2,1,0,0,180,1,0,0,0,1,10,7,7
21,2,1,0,0,NA,1,0,0,0,1,10,10,5
35,3,0,1,0,0,0,0,0,0,1,8,2,2
18,1.5,0,0,0,150,0,0,0,0,1,3,7,4
21,10,1,0,0,112,0,0,1,0,0,9,7,5
22,2,1,0,0,NA,1,0,0,0,1,5,3,0
23,3,1,1,1,66,1,0,0,1,0,10,7,0
13,2.5,1,0,0,118,0,0,0,0,1,8,0,0
19,3,1,0,0,110,1,0,0,0,1,6,0,3
33,0.5,1,1,0,80,0,0,0,1,0,7,9,4
18,16,1,0,1,90,1,0,0,0,1,3,2,5
17,6,1,1,0,120,1,1,0,0,0,4,2,0
16,3,1,0,0,100,1,0,0,0,1,4,2,0
18,0.5,0,0,0,66,0,0,0,1,0,5,3,1
19,5,1,0,0,158,1,0,0,0,1,4,2,2
15,2,0,1,0,105,1,0,0,0,1,4,0,6
17,2,1,0,0,208,1,0,1,0,0,7,6,3
25,2,1,0,0,91,1,0,0,0,1,7,8,6
24,1.5,1,0,0,171,1,0,0,0,1,3,4,1
23,1,1,1,0,150,0,0,0,0,1,9,7,2
16,10,1,1,0,180,1,0,0,0,1,10,9,3
25,2,1,0,0,NA,1,0,0,0,1,9,9,7
16,15,1,1,1,85,0,0,0,0,1,8,10,9
20,0.5,0,0,0,150,1,0,0,0,1,8,9,6
17,3,1,0,0,104,0,0,0,0,1,5,6,9
29,2,1,0,0,NA,0,0,0,0,1,9,3,7
20,4,1,0,0,85,0,0,0,0,1,3,2,1
16,2,1,0,0,NA,0,0,0,0,1,7,7,4
21,1,1,0,0,147,0,0,0,1,0,7,9,1
16,24,1,0,0,120,1,0,0,1,0,5,1,9
43,1,1,0,0,134,0,0,1,0,0,3,3,0
32,2,1,1,0,NA,0,1,0,0,0,8,7,5
10,2,1,1,0,112,1,0,1,0,0,8,2,1
27,3,1,0,0,200,1,0,0,0,1,4,0,0
24,3,1,1,0,75,1,1,0,0,0,9,6,1
18,2,1,0,0,20,1,0,0,0,1,10,7,2
17,7,1,0,0,140,0,0,0,1,0,8,7,7
19,6,1,0,0,111,0,0,0,0,1,1,0,0
16,3,1,0,0,150,1,0,0,1,0,5,7,1
64,5,1,0,1,NA,0,0,0,1,0,7,6,9
33,4,1,1,1,114,1,0,0,0,1,8,8,2
32,3,1,1,0,93,1,0,0,1,0,2,2,8
15,2,1,1,0,145,0,0,1,0,0,6,0,0
27,3,1,0,0,100,1,0,0,0,1,2,0,1
20,2,1,0,0,114,0,0,0,1,0,6,2,6
23,2,1,0,0,109,1,0,1,0,0,6,1,0
19,3,0,1,0,NA,0,1,0,0,0,7,6,4
12,2,1,1,1,NA,0,1,0,0,0,0,0,3
16,3,1,1,1,72,0,1,0,0,0,9,7,10
17,0,0,0,0,89,1,0,0,0,1,10,0,0
14,1,1,1,0,140,0,0,1,0,0,6,6,3
32,2,1,0,0,84,0,0,0,0,1,4,3,1
20,2,1,1,0,132,1,0,1,0,0,6,2,2
54,6,1,0,0,NA,0,1,0,0,0,2,2,3
18,5,1,0,0,124,1,0,0,0,1,7,4,5
14,2,1,1,0,181,0,1,0,0,0,7,5,3
13,4,1,1,1,126,0,1,0,0,0,8,5,10
19,8,1,0,1,109,0,0,0,0,1,7,5,6
14,4,1,1,0,106,0,1,0,0,0,6,8,8
14,1.5,0,1,0,140,NA,1,0,0,0,1,2,4
18,2,1,1,0,170,1,0,0,0,1,3,2,0
15,5,1,0,0,87,1,0,0,0,1,6,7,7
24,6,1,1,0,NA,0,1,0,0,0,6,7,2
17,2,1,0,0,117,1,0,1,0,0,9,8,4
44,2,0,0,0,105,0,0,0,1,0,7,7,2
23,1,0,1,0,NA,0,0,0,1,0,1,0,1
21,1,0,0,0,160,0,0,0,0,1,4,3,4
57,2,0,0,0,NA,0,0,0,0,1,2,0,0
23,2,1,1,0,141,1,0,0,1,0,0,5,7
18,1,1,1,0,105,1,0,1,0,0,8,7,7
26,14,1,0,0,158,1,0,0,0,1,5,10,8
13,3,1,NA,1,80,0,1,0,0,0,8,7,9
15,3,1,1,1,118,0,1,0,0,0,9,6,8
57,2,1,1,1,125,0,0,0,1,0,2,2,7
12,0.5,1,1,1,109,1,1,0,0,0,7,8,6
26,6,1,0,0,156,1,0,0,0,1,10,10,8
17,1,1,1,0,105,0,0,0,0,1,8,5,2
17,2,1,1,0,NA,1,1,0,0,0,7,8,2
69,4,1,1,1,72,1,1,0,0,0,1,1,2
17,3,1,1,1,148,1,0,0,0,1,9,10,10
32,12,1,1,1,200,1,0,0,0,1,9,4,4
22,3,0,1,0,113,0,1,0,0,0,8,2,4
38,1,0,0,0,191,1,0,0,0,1,1,1,5
18,10,1,0,0,140,0,0,0,0,1,10,9,9
14,5,1,1,0,40,1,1,0,0,0,3,0,2
14,0.5,1,1,0,173,1,0,0,0,1,4,0,4
19,5,1,1,1,180,1,0,0,0,1,2,3,5
20,3,1,1,1,100,0,1,0,0,0,2,3,3
18,2,0,0,0,123,0,0,0,1,0,8,4,3
30,13,NA,0,0,145,1,0,0,0,1,10,10,10
31,4,1,1,0,55,1,1,0,0,0,8,8,9
72,6,1,1,1,77,0,0,0,1,0,0,1,0
73,3,1,0,0,4,1,0,0,0,1,5,4,0
16,4,1,0,0,150,1,0,1,0,0,7.5,5,7
19,3,0,1,0,73,1,0,0,0,1,3,3,0
16,2,1,1,0,155,0,1,0,0,0,7,5,3
12,2,1,1,1,NA,1,1,0,0,0,8,0,1
39,1,1,0,0,89,1,0,0,0,1,6,4,1
15,6,1,1,0,110,1,0,0,0,1,8,8,7
14,9,1,0,0,140,1,0,0,0,1,10,8,9
21,1,0,0,0,135,0,0,0,0,1,3,0,2
38,1,1,0,0,125,0,0,0,0,1,5,5,7
23,0.5,0,0,1,110,1,0,0,0,1,7,7,6
16,1,0,0,0,140,0,0,0,0,1,7,4,6
21,1.5,1,1,0,105,0,0,0,0,1,3,3,1
13,6,1,0,0,112,0,0,0,0,1,4,0,0
16,4,1,0,0,96,0,0,0,1,0,3,0,6
18,6,1,0,1,NA,0,0,0,1,0,5,1,6
21,4,1,0,0,155,1,0,0,0,1,10,6,8
17,1.5,1,0,0,174,1,1,0,0,0,7,5,1
24,2,1,0,0,93,1,0,0,1,0,7,7,0
14,2,1,0,0,78,0,0,1,0,0,6,0,0
25,4,1,0,0,NA,1,0,0,1,0,6,2,3
22,3,1,0,0,174,1,0,0,0,1,7,6,7
20,4,1,0,0,120,1,0,0,1,0,5,7,7
23,2,1,0,0,75,0,0,1,0,0,7,6,4
61,2,1,0,0,94,0,0,0,1,0,2,2,2
24,6,1,0,0,180,1,0,0,0,1,9,5,0
34,0,0,1,0,115,1,0,0,1,0,3,7,8
49,1,0,0,0,128,0,0,1,0,0,4,5,9
33,4,1,1,0,112,1,0,0,1,0,1,0,7
22,2,0,1,1,140,0,0,0,0,1,3,2,0
38,3,1,0,0,143,1,0,0,0,1,1,6,1
23,4,0,0,0,72,0,0,0,0,1,8,10,4
34,2,0,0,0,100,1,0,0,0,1,8,10,10
40,3,1,0,0,120,1,0,0,0,1,3,0,8
27,1,0,0,0,NA,0,0,0,0,1,3,4,1
54,10,1,0,0,NA,0,0,0,1,0,2,1,2
16,10,0,0,0,105,0,0,0,1,0,0,0,0
23,10,1,0,0,119,1,0,0,0,1,8,8,5
35,4,0,0,0,NA,0,0,0,0,1,1,1,1
22,4,1,0,0,137,1,0,0,0,1,8,7,6
41,3,0,0,0,178,1,0,0,0,1,6,5,4
63,2,1,0,0,133,0,0,0,1,0,5,4,6
28,1,0,1,0,72,0,0,0,1,0,3,1,0
22,6,1,1,0,NA,0,0,0,0,1,4,8,2
58,1,1,0,0,133,0,0,0,1,0,5,6,3
58,1,1,1,1,80,0,1,0,0,0,0,0,2
67,4,1,0,0,146,0,0,0,1,0,7,6,7
70,2,1,0,0,88,0,0,0,0,1,8,5,6
60,2,1,0,0,132,1,0,0,1,0,4,4,2
15,2,1,1,1,102,0,0,1,0,0,9,8,10
18,6,1,0,0,91,1,0,0,0,1,5,5,7
58,3,1,0,0,127,1,0,0,0,1,4,6,8
28,1,1,0,0,82,1,0,0,0,1,4,8,5
22,4,1,1,0,141,0,0,0,0,1,9,10,6
49,0.5,0,0,0,114,0,1,0,0,0,3,2,2
20,8,1,0,0,148,1,0,0,1,0,6,2,2
55,15,1,0,0,156,0,0,0,1,0,2,0,3
48,1.5,1,1,0,185,0,0,0,0,1,10,8,0
14,2,1,1,0,114,1,0,0,0,1,4,4,2
18,3,1,1,0,120,1,0,1,0,0,7,8,6
25,1,1,0,0,80,1,0,1,0,0,7,6,5
71,0.25,1,0,0,NA,1,0,0,0,1,1,0,0
60,1,0,1,1,NA,0,0,0,0,1,6,2,8
18,1,1,0,1,116,0,0,0,0,1,4,5,7
19,5,1,0,0,99,1,0,0,0,1,10,7,0
74,1,0,0,0,129,0,0,1,0,0,4,2,1
36,1,1,0,0,131,0,0,0,0,1,7,6,2
14,7,1,0,0,95,1,0,0,0,1,3,2,8
20,3,0,1,1,80,1,0,0,0,1,10,7,4
15,3,1,0,0,204,1,0,0,0,1,4,0,0
19,7,1,0,0,128,0,0,0,1,0,7,7,0
29,8,1,0,0,140,1,0,0,0,1,6,7,4
24,2,1,0,0,159,0,0,0,0,1,7,6,2
18,2,1,0,0,104,1,0,1,0,0,6,5,8
21,2,1,0,0,97,1,0,0,1,0,10,10,2
19,2,1,0,0,80,1,0,0,0,1,7,6,5
25,4,0,0,0,134,1,0,0,0,1,3,0,0
28,8,1,0,0,NA,1,0,0,1,0,8,2,1
27,4,1,0,0,135,0,0,0,0,1,7,6,6
60,1,0,0,0,129,0,0,0,1,0,3,2,5
25,5,0,0,0,NA,1,0,0,0,1,8,2,1
60,2,1,0,0,NA,0,0,0,1,0,7,7,2
43,1,0,0,0,110,0,0,0,0,1,5,1,1
51,5,1,0,0,180,0,0,0,1,0,1,2,1
63,8,1,0,0,70,0,0,0,1,0,2,1,2
64,2,1,0,0,NA,0,1,0,0,0,5,2,4
22,2,1,0,0,NA,0,0,1,0,0,7,2,1
24,1,1,0,0,103,1,0,0,0,1,10,10,7
19,8,1,0,0,99,1,0,1,0,0,7,2,1
56,8,1,0,0,117,0,0,1,0,0,6,4,1
20,1,0,0,0,102,0,0,0,0,1,5,9,6
19,1,1,1,0,127,0,0,0,0,1,7,5,7
20,8,1,0,0,93,1,0,0,0,1,7,6,7
60,2,1,0,0,NA,0,0,0,1,0,0,0,0
65,6,1,0,0,146,1,0,0,0,1,3,5,0
28,3,0,1,1,0,1,0,0,0,1,8,8,5
18,4,1,1,0,150,1,0,0,0,1,8,7,10
42,2,1,0,0,85,1,0,0,1,0,2,4,5
80,3,1,1,0,122,0,1,0,0,0,7,3,9
22,4,0,0,1,NA,0,0,1,0,0,8,7,4
56,2,0,0,0,120,1,0,0,0,1,0,0,0
20,1,1,0,0,120,1,0,1,0,0,8,6,9
15,1,1,0,0,150,1,0,0,0,1,4,2,3
67,1,0,0,0,NA,0,0,0,1,0,3,2,2
57,2,1,1,0,174,0,0,0,0,1,6,4,10
22,7,1,0,0,112,1,0,1,0,0,8,8,10
17,5,1,0,0,180,1,0,1,0,0,5,5,5
19,3,1,0,0,121,0,0,0,1,0,10,8,6
50,1,0,0,0,98,0,0,0,1,0,0,0,7
24,6,1,1,1,118,1,0,0,1,0,8,8,10
67,2,0,0,0,NA,0,0,0,1,0,8,2,0
18,3,1,1,1,135,0,0,0,0,1,7,8,4
20,1.5,1,0,0,NA,0,0,0,0,1,0,2,0
15,4,1,1,0,105,0,0,1,0,0,3,5,4
17,2,1,1,0,122,1,0,1,0,0,5,2,3
32,2,1,0,0,NA,0,0,0,0,1,6,1,0
18,2,0,0,0,136,1,0,0,0,1,6,3,4
18,1,1,1,1,165,0,0,0,1,0,5,6,8
18,3,1,0,0,130,1,0,0,0,1,8,4,7
19,3,1,0,0,NA,0,0,1,0,0,1,1,2
18,2,0,1,0,115,0,0,0,1,0,8,3,1
17,6,1,0,1,140,0,0,0,0,1,3,3,0
34,3,1,0,0,95,1,1,0,0,0,0,0,0
18,3,1,0,0,150,0,0,1,0,0,5,4,2
18,2,1,0,0,97,0,0,0,0,1,2,4,0
22,2,1,0,0,NA,0,0,0,0,1,4,6,0
18,2,1,0,1,NA,0,0,1,0,0,5,7,2
19,3,1,0,0,122,1,0,0,1,0,4,0,7
25,4,1,0,0,150,1,0,1,0,0,10,8,6
17,2,1,1,1,NA,0,0,0,0,1,3,3,1
25,5,1,1,0,125,0,0,0,1,0,8,7,2
18,2,1,0,0,96,0,0,0,0,1,3,3,0
21,1,NA,NA,NA,NA,NA,0,0,0,1,4,5,2
24,7,1,0,0,137,1,0,0,0,1,10,10,8
16,3,1,1,0,174,1,0,0,0,1,10,2,7
18,3,0,1,1,210,0,0,0,0,1,9,6,8
18,4,1,0,0,129,1,0,0,0,1,6,4,1
16,3,1,0,0,112,0,0,1,0,0,3,4,6
68,1,1,0,0,8,0,0,0,0,1,10,10,10
16,7,1,0,0,999999999,0,0,0,0,1,4,8,8
21,1,0,0,0,81,1,0,0,0,1,3,0,0
53,4,1,0,0,153,1,0,0,0,1,1,0,0
29,4,1,0,0,120,0,1,0,0,0,5,6,7
18,3,1,NA,0,89,1,0,0,0,1,7,0,3
29,2,1,0,0,NA,0,0,1,0,0,10,8,8
18,4,1,1,0,169,1,0,0,0,1,3,0,3
22,5,1,0,0,138,1,0,0,0,1,1,0,0
19,6,1,0,0,124,0,0,1,0,0,6,6,0
13,1,1,0,0,NA,0,0,0,0,1,4,3,4
26,1,0,0,0,192,0,0,1,0,0,6,4,0
14,3,1,0,0,76,0,0,0,1,0,2,6,3
27,1,1,0,0,119,1,0,1,0,0,8,3,3
26,8,0,0,0,172,1,0,0,1,0,8,10,7
59,1,0,1,0,79,0,0,0,1,0,1,0,0
30,8,1,1,1,112,0,0,0,1,0,8,6,6
27,1,1,0,0,130,1,0,1,0,0,6,3,1
18,1,0,1,0,116,1,0,0,0,1,2,0,3
23,10,1,1,1,165,1,0,0,0,1,0,0,0
18,10,1,1,1,110,0,0,0,1,0,10,10,6
40,5,1,0,0,174,1,0,0,1,0,3,0,0
24,10,1,0,0,180,1,0,0,1,0,7,9,10
23,2,1,1,0,171,1,1,0,0,0,8,7,6
56,6,1,0,0,NA,0,0,0,0,1,2,0,10
29,2,1,0,0,70,0,0,0,0,1,10,7,9
16,3,1,0,0,120,1,0,1,0,0,6,0,0
18,8,1,1,1,56,1,0,0,0,1,3,0,2
21,8,1,0,0,162,1,0,0,0,1,6,5,9
32,8,1,0,0,101,0,0,0,1,0,7,6,5
22,8,1,1,0,110,0,0,0,0,1,10,7,8
17,12,1,1,0,172,0,0,0,0,1,0,3,9
18,6,1,0,0,90,1,0,0,0,1,0,2,1
18,4,1,1,0,135,1,0,0,0,1,2,0,0
24,8,1,0,0,81,0,0,0,0,1,2,2,4
21,2,0,0,0,170,0,0,1,0,0,5,6,3
46,1,0,0,0,120,0,0,0,1,0,0,0,1
18,2,1,1,0,90,0,0,0,0,1,5,4,3
16,3,1,1,0,115,1,0,0,0,1,2,7,0
21,1,1,0,0,NA,1,0,0,0,1,0,6,0
19,0,0,0,0,NA,1,1,0,0,0,0,0,0
20,2,1,1,1,NA,1,0,0,0,1,7,5,1
21,0.1,1,1,0,NA,1,0,0,0,1,7,5,3
56,2,1,0,0,220,1,0,0,1,0,3,3,1
21,12,1,0,0,160,1,0,0,1,0,7,10,4
20,1,1,0,0,121,0,0,1,0,0,3,2,3
21,1,1,0,0,105,0,0,0,1,0,5,1,1
25,3,1,0,0,110,0,0,0,1,0,8,9,4
33,2,1,0,0,134,1,0,0,0,1,4,8,0
20,2,1,0,0,148,1,0,0,1,0,7,9,7
17,3,1,1,0,120,0,0,0,1,0,1,5,6
24,1,0,0,0,122,1,0,0,0,1,3,2,1
26,3,1,1,1,90,1,0,0,0,1,6,8,0
17,3,1,0,0,122,0,0,0,1,0,6,3,6
16,5,1,1,1,129,1,0,0,0,1,7,4,8
27,8,1,0,0,132,0,0,0,0,1,2,6,9
28,4,1,0,0,178,1,0,0,0,1,8,5,3
48,5,1,0,1,NA,1,0,0,1,0,3,3,0
19,3,1,0,0,115,1,0,0,0,1,7,5,3
21,4,1,0,0,137,1,0,0,1,0,4,8,2
21,1,1,1,0,92,0,1,0,0,0,3,0,0
15,4,1,0,0,140,1,0,0,0,1,10,7,3
20,1,0,0,0,130,1,0,0,1,0,10,4,8
21,2,1,1,0,NA,1,0,0,0,1,2,2,0
22,6,1,0,0,63,0,0,0,0,1,8,7,7
22,2,0,0,0,119,0,0,0,1,0,10,5,2
31,1,1,0,0,NA,0,0,0,1,0,9,10,10
20,4,1,1,0,180,0,0,0,0,1,5,2,1
49,8,1,1,1,68,0,1,0,0,0,4,8,9
42,2,1,0,0,85,1,0,0,0,1,7,8,5
26,2,1,0,0,128,1,0,0,0,1,2,2,0
17,10,1,0,1,150,1,0,0,0,1,10,3,0
30,0,0,0,0,0,0,0,0,0,1,10,10,10
23,6,1,0,0,92,1,0,0,0,1,3,7,7
30,3,1,0,0,121,1,0,0,0,1,7,5,7
31,2,1,0,0,155,1,0,0,0,1,7,4,8
42,0.25,0,1,0,150,1,1,0,0,0,7,9,4
16,4,1,0,0,624,1,0,0,0,1,4,7,1
34,2,0,0,0,136,0,0,0,0,1,5,9,9
21,2,1,0,0,121,0,0,1,0,0,5,4,10
27,3,1,0,0,113,0,0,1,0,0,7,2,0
18,6,1,0,0,80,1,0,0,0,1,8,6,0
26,3,0,0,0,140,0,0,0,0,1,1,3,10
37,2,1,0,0,100,0,0,0,1,0,8,10,10
26,5,1,1,0,92,1,0,0,0,1,4,7,6
19,4,0,0,0,120,1,0,1,0,0,9,6,3
22,4,1,0,0,93,0,0,0,1,0,10,7,4
43,0,0,0,0,NA,0,0,0,1,0,1,2,2
24,12,1,1,1,136,0,0,0,1,0,7,10,0
21,0.5,0,0,0,108,0,0,1,0,0,10,2,1
28,1,1,0,0,147,0,0,0,1,0,2,1,2
23,3,1,0,0,93,1,0,0,0,1,3,10,0
20,12,0,0,0,98,1,0,0,1,0,7,10,2
17,4,1,1,1,120,0,0,0,0,1,4,2,0
19,3,1,0,0,130,0,0,0,0,1,4,2,5
32,1,1,0,0,218,1,0,0,0,1,6,8,7
18,4,0,0,0,123,1,0,0,0,1,8,6,4
20,2,1,1,1,135,0,0,0,1,0,2,2,0
27,3,1,0,0,105,1,0,0,1,0,8,7,9
15,3,1,1,0,132,NA,0,0,1,0,4,3,5
26,1,1,0,0,NA,1,0,0,1,0,6,1,0
24,2,1,0,0,115,1,0,1,0,0,6,6,3
20,1,1,0,0,120,1,0,0,0,1,8,7,1
21,0.5,1,0,0,NA,1,0,1,0,0,5,3,4
16,2,1,0,0,149,0,0,0,0,1,6,2,4
21,11,1,1,1,125,1,0,0,0,1,5,6,6
27,10,1,1,1,132,1,0,0,0,1,6,10,8
17,5,1,1,0,110,0,0,0,1,0,7,3,9
21,1.5,1,1,0,110,1,1,0,0,0,4,6,0
17,2,1,0,0,116,1,0,0,0,1,9,4,0
21,3,0,0,0,145,1,0,0,0,1,9,7,7
17,2,0,0,1,NA,0,0,0,1,0,5,10,2
36,3,1,0,0,105,1,0,0,0,1,1,0,1
18,4,0,0,0,80,1,0,0,0,1,8,7,2
18,1,0,0,0,100,1,0,0,0,1,5,1,4
18,5,1,1,0,73,1,0,0,0,1,10,6,0
18,2,1,0,0,80,0,0,0,0,1,7,5,5
18,7,1,0,0,NA,1,0,0,0,1,3,1,0
18,2,1,0,0,NA,1,0,0,0,1,5,8,7
18,1,1,0,0,120,0,1,0,0,0,2,0,0
18,1,0,1,0,117,0,1,0,0,0,7,0,0
18,4,1,0,0,NA,0,0,0,0,1,8,0,0
20,6,1,0,0,89,1,0,0,0,1,4,1,1
19,3,1,0,0,115,0,0,0,0,1,3,8,0
17,4,1,0,0,144,0,0,0,0,1,7,0,2
23,4,1,0,0,105,1,0,0,0,1,10,8,10
18,1,1,1,1,114,0,0,1,0,0,7,1,1
19,2,1,1,0,145,1,0,1,0,0,5,9,1
89,24,1,1,1,143,0,0,0,0,1,0,0,0
20,5,1,1,1,128,1,0,0,0,1,10,6,3
16,3,0,1,0,90,1,0,0,1,0,7,3.5,3.5
17,4,1,1,1,110,1,0,0,0,1,2,0,0
16,9,1,0,0,130,1,0,0,0,1,10,10,10
20,1,1,0,0,NA,1,0,1,0,0,8,9,6
30,1,1,1,0,115,1,0,0,1,0,9,7,8
37,2,1,0,0,186,0,0,0,0,1,6,4,5
44,1.5,0,0,0,99,0,0,0,0,1,8,5,9
21,2,1,1,0,150,1,0,0,0,1,3,7,0
19,4,1,1,0,149,0,0,1,0,0,9,1,0
23,1,1,1,0,NA,1,0,0,1,0,8,6,1
26,1,0,0,0,120,0,0,0,0,1,4,1,1
18,3,1,0,0,140,1,0,0,0,1,6,5,3
35,4,1,1,1,90,0,0,0,0,1,7,8,6
16,8,1,1,1,120,0,0,0,1,0,8,9,5
19,5,1,0,0,210,1,0,0,0,1,8,6,7
23,3,1,0,0,NA,0,0,0,1,0,10,5,2
17,8,1,0,0,95,1,0,1,0,0,5,2,4
29,1,0,0,0,163,0,0,0,0,1,9,3,2
21,4,1,1,1,97,0,0,1,0,0,4,6,3
17,1,0,0,0,137,1,0,0,0,1,9,8,4
23,2,0,0,0,NA,1,0,0,1,0,5,7,10
17,1,1,1,0,70,1,0,0,0,1,8,3,9
22,3,1,0,0,150,1,0,0,0,1,10,10,6
17,5,1,0,0,168,0,0,0,0,1,7,7,5
19,5,1,1,0,163,1,0,1,0,0,10,8,1
19,4,1,0,0,140,1,0,1,0,0,8,6,2
16,6,1,0,0,105,1,0,1,0,0,10,7,6
19,6,1,0,0,78,1,0,1,0,0,6,6,8
13,1,1,0,0,128,0,0,0,0,1,10,10,8
18,18,1,0,0,90,0,0,0,0,1,9,8,5
26,1,1,0,0,136,1,0,0,0,1,0,0,0
14,7,1,1,0,108,0,0,0,0,1,7,3,1
21,0.5,0,0,0,95,0,0,1,0,0,6,2,2
21,2,1,0,0,147,1,0,0,0,1,7,6,4
17,2,1,1,0,120,1,0,0,1,0,7,6,0
18,1,1,1,0,160,1,0,1,0,0,3,2,2
19,6,1,0,1,120,0,0,0,0,1,2,2,2
19,5,1,1,0,170,0,1,0,0,0,2,3,2
29,2,1,0,0,98,1,0,0,0,1,2,2,2
