x,y,z
11.171057635687712,4.347534301031273,1
11.418932035019049,9.647601448952463,1
9.781393370637891,3.0521159982395276,1
9.093005653074474,7.388884743693765,1
11.211774911680788,10.433799976919193,1
-3.635911935407458,1.4740565204892992,0
11.260197102136782,12.031952988508586,1
9.447631789549568,0.6825755236678002,1
19.431680512113257,0.8404881924126095,2
18.161355995051743,-1.3225766998807256,2
19.767504387295997,6.90619783447409,2
13.634624087408435,6.987928394120307,1
10.741255728515908,5.814567487827,1
21.040432915109914,4.750280869134556,2
8.498936010995337,0.813673246590874,1
11.633799679041166,10.465513670842743,1
8.227284957513575,2.964191460758983,1
9.336844820114894,-3.029841758561802,1
2.2414253033391116,9.930827207171818,0
0.5974473985345868,7.863426504651192,0
1.5592438491106473,7.368289037038776,0
2.911570164953727,11.392085512157582,0
18.711343141537395,4.401854097305834,2
16.893725189540625,8.569987209343289,2
16.804580966607375,-0.794830731000109,2
3.6101950376216476,10.854052042174395,0
19.036705272610728,3.075019180716808,2
1.2407596025968448,3.749077875776919,0
11.224246985301699,6.957274355094291,1
9.675378046163749,1.1807891369966725,1
11.62374635710772,6.545008186721822,1
14.393667092695068,5.509510577599611,1
24.098380674812386,9.669779525063516,2
23.26489127896093,9.773313535795708,2
10.50854238562811,7.955561909075961,1
10.982376558545118,2.5010036649579126,1
19.351826842525764,5.667604077812989,2
-3.324100487717269,0.2501187130649041,0
13.535467701745933,8.655970485526677,1
0.051602097295616295,7.79776080039137,0
12.257021667180357,8.294809683220812,1
-4.760716122794085,-4.702296997172902,0
7.879468895694937,2.629510163797134,1
11.874281080365815,5.813472599143915,1
11.708903440661107,9.44170640611891,1
12.921458806208179,4.954174895221459,1
7.173802444221611,0.2887550848488587,1
11.134806506848964,8.382121285418691,1
1.1663753068713705,1.8232530036941865,0
7.3864023330711515,0.4395958889093401,1
-1.0807721477242094,7.247714801468117,0
3.8953853294640792,1.2112218480594752,0
20.107180540714907,2.4430259832643197,2
0.7033256811104744,9.102470176008282,0
-1.3419530779878757,5.549373501381842,0
20.555907389612287,3.7827287722684724,2
1.3823425457497673,2.343327274466679,0
1.6475906574121721,8.258741620049115,0
4.290130040960581,10.563889183417702,0
-4.693887956726746,-1.0408370605173707,0
10.299183961230417,4.475644925911032,1
7.314937036540911,2.854743327583793,1
11.106606151007798,7.4628352034208785,1
3.179925685390819,10.219972707508402,0
18.8262408112258,1.951023473453261,2
6.3352453875812,3.4869282075032744,1
11.776278865304036,5.856420929040761,1
13.186976944712548,10.948612066562024,1
1.033709341324774,-0.89915575439839035,0
17.408656639410353,3.445150043004138,2
10.10923115065875,4.34155003110085,1
-1.5692987463830887,6.354297790334336,0
17.90129436208747,5.302110436950814,2
4.661023924809423,8.240241605401003,0
12.805410765734862,4.927382837988073,1
21.88520170138305,3.9171588967847377,2
11.652516574304858,0.4184970748986787,1
18.376919019617837,5.831057772001695,2
20.952496561507306,8.401664834999618,2
12.042516814962184,4.327042412163324,1
21.290766148412153,8.06755405868818,2
22.08628710310288,9.229932741454274,2
19.391261774612676,8.535887150681392,2
24.954221833925942,8.49539386653334,2
11.94244134607489,7.954077784584264,1
3.7341983691334413,6.797322237001247,0
21.344084938029575,10.634555135255551,2
19.384093238325324,5.309707505995079,2
21.073047433421745,6.90984254791071,2
11.649740130703352,7.334616596323597,1
8.072197041972396,-2.9078965534626353,1
18.289834977800417,-1.2106994383153413,2
3.773893884051325,6.818989909794552,0
19.216361256009634,-0.9783197710426137,2
18.03873410210003,4.375656496297417,2
21.374664201114083,10.362993827930996,2
18.989912964958208,3.5631233624762433,2
4.315439633012832,8.91452369237633,0
18.800404872350327,3.5339695613637496,2
18.610906613458496,8.451082040680406,2
0.44785081504257673,7.612443620450182,0
17.687553339518452,5.829384346545152,2
0.844837055573998,7.739930782264252,0
-2.6495105116978532,0.9619826615553271,0
20.28216862572057,3.7862395027869935,2
8.927904003018106,9.402356161718455,1
19.376787830843703,6.130154522536242,2
13.112219285202514,8.591298912981516,1
9.10393341741106,2.496435945584249,1
20.642247074987935,7.116489629102928,2
7.53965550623962,-2.453670104416391,1
17.351882615691693,-0.9761753072301884,2
2.5224845487765917,7.13303823587693,0
22.63846343928467,6.162046822073828,2
-0.16150752273606875,3.0672999266935683,0
8.989820387457016,2.270192033712461,1
9.895692813339354,9.433600557376355,1
1.2577212502168722,4.743915584602147,0
24.360004794969676,14.290146513681593,2
19.861965386961568,7.770504191850671,2
23.089727204075192,10.921585424690203,2
12.64290403432526,6.241349130595196,1
0.6443031507256046,-0.5049419427284008,0
13.061910239470317,13.274348354352634,1
-0.842479386677149,4.998538167944071,0
-2.3176420456362754,6.724903516963076,0
6.309263421157064,2.8108770731430717,1
22.314650574114296,9.323459131661128,2
5.7529002379704854,-0.4942908941094304,1
-2.3920630362216615,-0.04775980015474879,0
3.28438398153468,7.303576268468985,0
21.767309666324028,8.693425570081176,2
1.0497517820718336,4.122756478409938,0
-2.3693181312615437,1.09648283310101,0
5.3115765442855905,8.42827125543246,0
17.904172579563376,7.050240147655976,2
17.977754952761924,5.681832436113142,2
1.3378433050286653,6.230285801957194,0
20.258354587352386,2.2249981417560463,2
9.15484626589297,2.3372032497944746,1
17.719471710303747,2.878270874368734,2
7.41256941993492,3.1228158814174476,1
8.810602461858213,0.4887575510003068,1
6.998371839558325,-1.569043788801313,1
10.031711386131118,2.06542785255983,1
11.08033913538444,5.508984350585875,1
16.905416065908604,-0.22301457798154312,2
11.699305859856878,-0.3234316576856253,1
11.7920263686649,8.501708517151986,1
10.277381993619457,5.359995995941395,1
16.761343355267723,8.431043875791019,2
21.096795846028805,3.0890256608813265,2
20.390564307622505,5.9384845745450505,2
18.38700401047306,5.188379827199373,2
19.782751529585745,6.641579269129938,2
9.498106752295374,7.6900741492542775,1
23.39869333706636,3.3294847425110703,2
9.311402407470062,4.130422913483814,1
10.135544122808437,2.9432109147944434,1
-1.301139453708117,4.45724956619524,0
9.02472296959383,3.251161014674203,1
20.606302474515324,6.83648561123606,2
-0.4839480392585068,0.4968340245813003,0
9.036532864996204,8.131559936138952,1
18.01639427148655,5.742893628876123,2
9.438701722391139,5.079080535288175,1
11.266034688360342,3.53328194940696,1
17.520363313784284,5.519671026098948,2
13.528628137988637,2.8268001140310197,1
-0.047359776306015296,6.438431549482361,0
10.39984096765487,3.751830897876061,1
12.69438555528002,5.722373146377083,1
0.07214697559939502,7.9044177085605,0
21.64916226113347,3.8996516295338473,2
6.594656296787958,1.995319979050245,1
0.9619003105353641,2.564195722794992,0
14.967100178652508,8.940957307137705,1
10.80272997501121,2.80845634267053,1
20.430354341494088,7.284573664063528,2
16.3685752941944,2.105123898556956,2
-1.8234788484657534,6.198107882309219,0
9.901910618292755,4.720877854465618,1
-0.8107749533636264,7.861213423904533,0
12.260763595693707,7.19165222088282,1
1.6309294701451449,0.5119313302540132,0
10.152835038096285,1.0219754707358684,1
2.9074947024994597,7.035674720648174,0
10.748242166872522,7.881499193471269,1
-0.34180811150514756,9.02950617879096,0
18.995574376298983,5.71086480243582,2
21.087044215881267,7.711110903724089,2
8.989627994296754,8.28057341615794,1
21.573591578804027,1.253727611498821,2
20.601898803216883,8.059323343810389,2
22.620447813494742,4.097244299657485,2
21.596867540544228,10.238288278802731,2
11.70172087522887,3.825813441634154,1
19.112864063810623,4.3238930850607975,2
9.106450424780842,0.6352916355899199,1
10.0266100835523,6.6207847272285845,1
7.127708587545852,1.140469380302387,1
8.741480705474398,3.0521010854815454,1
10.487043531250679,5.510074151472819,1
22.116724466691956,6.340760674320007,2
1.662697635830057,8.631716682147719,0
0.21042363190466545,5.469634118496433,0
16.51657381108529,3.960238354767705,2
1.2904939875304513,7.925045417485494,0
0.1942084493521598,8.997511470488213,0
19.846532610923646,2.896082426727401,2
1.9839013554034954,10.372067142946738,0
-1.7185015224982036,-0.0538359815021896,0
9.43684062335119,1.8802559030854633,1
24.132494541381426,7.047449412244859,2
18.776894044366607,1.1789031460941248,2
0.6312256493296375,8.125549406942898,0
1.3205867562896498,2.918253427743467,0
-3.4444048142902273,3.257852777509761,0
15.730747903302756,-0.6776575721664915,2
10.137891196274,5.963864119575364,1
21.7356434851622,6.83228231885894,2
-4.580088358917508,2.6967270421488934,0
9.699619423583359,5.536830814318826,1
-0.5375635855820822,3.734955076506386,0
23.58266408229462,8.704473690089605,2
11.34453608339618,4.420190353395823,1
9.581397727406532,1.6998379473051553,1
20.024365012248744,7.639329290640373,2
13.068233728768789,5.846828294251213,1
20.15458363281428,4.247000168906602,2
20.156875065497854,1.5338660335645455,2
-1.5585221408593912,0.38189722251092384,0
0.33311933746373984,-0.9827202638741435,0
10.5306491395495,9.257879432547488,1
11.781561419240536,11.609262108242858,1
19.064223261066974,5.23432289066552,2
21.516749113613702,2.164988739110105,2
-1.2834727155398813,1.2849624296503932,0
21.255343646494858,10.936664370030275,2
10.496660253645963,-3.9284878126648515,1
18.599848366551583,4.540287508370875,2
8.865196829761631,-1.254888726294901,1
-0.5227878517789106,2.8701585596635635,0
-2.1277700715731696,4.176766160117657,0
-0.2127373079775009,3.8318892953017363,0
1.5422074793511698,13.616908128898645,0
15.494807084497452,8.252403178739462,1
9.832130485848374,7.12579499039995,1
21.087135268500568,6.515488877971804,2
11.50572242127078,4.624867091823136,1
8.382651744684262,-0.7591952865987577,1
12.002239694781451,1.7352558933881568,1
10.912105009265234,0.10551851489407937,1
7.13149938513785,-4.222773160221221,1
19.469390367443847,2.917033148067595,2
11.283538327283479,4.196361200693274,1
-0.8300420574231515,1.5445514858133658,0
-0.919151352447876,4.6165146954440255,0
18.41501196856143,10.692599302536465,2
17.68292173304923,4.001065436252883,2
21.421779996896873,5.623663951375912,2
2.5352035044764705,2.0915889073129534,0
-0.28630211150127705,5.320944956926384,0
-1.0300578126863917,1.846229885584819,0
12.965782368616384,10.670819378090586,1
19.674822180147462,5.472326428714207,2
20.08341834880463,4.897547675288934,2
20.96607979227773,5.890124302001618,2
7.639745652144264,0.6891753573970854,1
18.672852521714415,2.2998766744040875,2
18.730700211573872,2.6575089341072733,2
8.596073937108214,5.042780265491913,1
1.1537007577426306,6.4135055631904665,0
-4.226160741451541,-2.28712032004813,0
10.521819365349499,-0.819385476696536,1
2.2942543805793023,8.720468890881019,0
20.029587297112403,7.596464019786458,2
9.376521512196087,5.880467658788021,1
8.087607783791686,2.975513796120186,1
10.946827517081418,5.9491569734158025,1
6.972271840645536,2.40501769177742,1
20.328561995341175,3.981544098020878,2
8.258269562869296,4.9373066213654475,1
13.186657988633172,0.22603823908425724,1
11.293195045583563,6.437706291510039,1
0.7147393703652891,9.568016047604008,0
0.20478612639929275,3.820103368509158,0
8.6494663496099,3.9504227154516274,1
11.94417004747885,3.6036884066921218,1
1.5117398584988466,6.433248564145442,0
9.143428753865713,1.800426175927882,1
-1.427849527430249,7.824591307895667,0
-0.38076813113443253,3.336969994557427,0
20.799729623432484,7.295500725153808,2
18.044310170991693,3.826437621179435,2
20.367473819098198,-1.5938020917021518,2
-4.3006210594874785,1.6552973474340549,0
18.754066948508193,8.542593776908351,2
8.46912136845975,4.8555182361797335,1
20.92861883756789,6.310648601764949,2
1.0445643370496656,6.236171564037214,0
0.01958751986467439,5.260040007311951,0
-0.8810523924058169,4.008284471194291,0
12.398979069002806,7.810159234723441,1
19.765063021367155,9.59353426691634,2
20.076419574761154,2.2603758234064872,2
2.389611264742574,7.180363167443318,0
20.68791670420581,5.690783034395016,2
-0.6581459489299768,2.3641562685338813,0
3.3417158337179975,3.505280227385734,0
18.163883594362368,2.4205547467358937,2
-0.17561465727462905,4.04594520804303,0
22.64058743966948,10.353003452034327,2
3.4615722609964474,5.599406965814913,0
24.325192155753523,8.590026726947324,2
19.368535041334848,3.6280050999170417,2
18.84980779152663,5.235565598048197,2
-2.8127128711957723,-0.04540420425386538,0
24.535719707117405,8.026213701896465,2
8.458292142058644,6.010305972257102,1
20.760631393988785,0.9025513143228743,2
11.210273545509931,6.665637994183461,1
12.039348273635165,6.376284422355713,1
10.949886088296434,7.537420802826503,1
15.628107119774828,-6.574629761093769,2
21.866384333950307,8.993776058101307,2
0.950870842465451,7.191159154373458,0
20.780563200056807,6.406808834812097,2
8.545343698313625,5.413188983207271,1
21.973111896153185,6.243881998701188,2
22.84796719734014,5.551988305772431,2
20.969461022400676,6.47333762641288,2
10.698472891868853,7.789711276903393,1
21.720248499232383,7.705735587876379,2
10.809222289216105,5.645003469891457,1
20.734089842799055,3.0235557470015335,2
16.961601900984046,3.621066104341082,2
13.09960666395736,10.376576288165433,1
20.99976213133533,4.173650469300075,2
10.921745703064744,4.747464692230071,1
24.153419866554877,6.872845588463756,2
9.384698868833985,6.137194289145723,1
11.904741770356543,6.924681822958191,1
11.065576586120113,4.518592355831663,1
-0.19109541675062672,7.057765466768081,0
9.715873243135766,5.234085146141778,1
7.633948578043304,8.252850689710769,1
21.09063681906882,7.487381493050983,2
4.836289114838488,1.5059016767785725,1
21.55780006107204,5.181270430110196,2
0.5858806054077089,5.485096463175366,0
-0.17341581069680542,7.611465545024981,0
17.06728100907953,2.8190678770067716,2
7.833641102528404,1.8390379310370488,1
2.1154747342530453,5.339812059082474,0
9.279358398887155,0.5145685727944773,1
0.7011875300307824,13.492627743534594,0
0.056515312386717066,5.808432535106415,0
20.94609652204699,2.4017016375591886,2
-1.838309455343952,3.480584466753465,0
19.24835312732091,2.628835137916635,2
16.374332471375553,0.7356487728493346,2
20.577200422209927,5.418263257901835,2
-0.37924516255420726,3.490149084332485,0
10.035720426422696,5.770218146423762,1
1.3008604848522622,6.265341382737951,0
10.620509970842363,4.752320710191121,1
13.336714337847775,13.11423427133549,1
21.34522906722203,5.98110521993974,2
9.44496402394772,5.943846927091502,1
19.707947216094325,5.1853276167023985,2
13.402863663351898,9.714233934359939,1
20.942715761142093,8.270461572376027,2
1.1634001571472827,8.383766616266069,0
11.332041392020637,2.2710282737520062,1
18.44219554968216,3.7133646237649387,2
22.326649695650726,1.2151029398248019,2
-3.929088390400696,2.8478668484855416,0
1.5383413365200131,7.471013548130499,0
4.51954398682035,13.110181204447624,0
-0.9545445827660297,-0.7145069549630616,0
-0.20516101759180197,1.828299930293745,0
20.737392352312913,8.461464998814005,2
18.929134012034893,1.9809337354296113,2
1.0132038826304512,4.56333211492004,0
-0.301114195179571,6.310695851208051,0
21.808487112402982,5.2644934952240305,2
14.484072274934434,11.270060745116202,1
17.609754218760926,-1.101822553341802,2
-0.8370451321826899,1.3115097506471693,0
11.596502789397912,10.333275872979037,1
20.996344326783962,3.4668807359502285,2
10.239120446742382,3.9628199877360544,1
-0.7344054384890839,1.719919541404269,0
0.5246621696297572,5.57108725499634,0
0.5254082496486723,5.301246657671303,0
11.281477755986613,7.702385194141653,1
10.614179661543847,7.5476312693369065,1
19.933741198446498,7.681481635181395,2
7.250498946348948,-0.24413635144992707,1
11.255930226252449,5.707984368565382,1
0.004287901863555247,0.8283839526816221,0
20.56875544542161,7.693498881481986,2
7.996441827561825,3.563339298299975,1
-1.2344438572680598,3.1134555160010553,0
21.65638847892575,6.871292358310232,2
19.830362708651375,5.2330633760342185,2
-0.8694398338722492,4.590543842975713,0
7.590329421798574,-0.16720141340681582,1
7.958626240159786,1.6707194012145967,1
-1.9424584059214471,7.6941709859096825,0
-0.3218267243536749,7.300868173733344,0
2.4093740696260326,7.737262495102896,0
10.133492433320331,8.25207688830233,1
-1.7649153673070914,0.536227772586995,0
19.960160524039196,4.394685167272295,2
10.656032960047655,7.747027101372128,1
-1.8612572333868114,-0.22673910852493373,0
7.73717006378177,7.219752023486407,1
22.17246077799721,5.780720809515293,2
1.0284842044461082,7.799586748873061,0
10.586336761518417,7.377342996363586,1
18.874690339077326,10.07935209552636,2
0.4142854475259652,0.34621336789872714,0
2.4561549148146007,9.68866453751532,0
19.13997486139174,3.4146862932910853,2
22.663816703454287,7.149211281670628,2
-1.5265343121450006,4.318106619722624,0
2.4646376631213887,9.279328140357535,0
11.21811732585185,5.662047338757583,1
18.354919832250967,5.165951939874327,2
9.90470328705474,12.005281753108282,1
10.341356021397498,0.8001734903327105,1
-2.4501426522039647,-3.2858569078919975,0
20.77466576841525,4.93970778189219,2
20.981335553947783,10.074161816918497,2
14.478252168242157,8.091030891363895,1
11.784424617924923,3.220006918634062,1
1.5978651674658984,8.177717795527752,0
23.87088553776022,10.102863802065457,2
20.788499799263956,10.67802331498465,2
21.26504298874339,2.3985936206990766,2
0.20518220495956707,5.743415389400523,0
12.020421996451226,9.885596668455078,1
22.42935677053138,2.906237655143422,2
1.0017413166161413,11.227852312304421,0
8.18106409816031,-0.02381843491338831,1
-4.394417023963681,2.4636928715395223,0
0.8770906443411397,6.969933109407483,0
7.941170339318268,6.330150643592764,1
1.4261562078690935,5.755873003073752,0
12.056537078239256,6.518865290519286,1
8.858734549162854,9.08314646128675,1
19.13198263631975,5.071170957097804,2
12.010634929536522,9.601324336497367,1
22.407089632061858,8.138417745365976,2
2.9923653939128707,9.644032799011496,0
19.686803135585812,5.937270092082102,2
8.127938960544247,0.7293146597585385,1
20.705077292356997,1.8548428840500035,2
-2.572377293108152,4.438867920716888,0
-0.545045710139675,3.289684474153652,0
10.313829673822198,5.087892838733524,1
-1.7636257364701606,2.081023320243878,0
9.756204349279734,0.45695776214533623,1
-1.7105013452469966,5.03095346389609,0
-2.0114574699935464,-0.4250104954916267,0
-1.827904781652846,2.3632242124358562,0
15.843532681236686,-0.544440420852977,2
-0.2812942472600125,2.2013137835276835,0
22.599275299773197,12.594173491250487,2
-0.05873756638841679,7.429183326934242,0
-4.473243675273369,0.10717227898154746,0
1.0900601329295885,4.723275677532383,0
1.6616841048773263,7.78090524475254,0
9.004841713798253,2.869096663671362,1
18.797945191487486,7.644828445716428,2
8.975604371833487,6.734241247834744,1
9.990135240485301,7.949762241843904,1
19.805704174581724,3.8579134898575527,2
9.951929205448977,4.245303090074645,1
9.745219324771348,2.585251969279066,1
9.736228759273894,-2.562533635678988,1
20.907484510918415,4.591870161624295,2
-2.8126716687173676,4.6819579163409415,0
20.421861573906607,5.118376626167708,2
11.50467217897595,5.96483515725017,1
20.276759093479686,4.195774533758186,2
20.31936002473267,3.314879566334283,2
10.456870636460772,4.37137040151895,1
7.674432566373188,3.3939167443222735,1
11.70931703881359,4.62497924370204,1
9.515808242818004,6.958211432351566,1
5.968009155278154,-0.31396315876377257,1
9.544619013390456,3.3073248680133194,1
10.44833966523395,5.612120158621542,1
-1.4736498432451457,2.4208455778705007,0
18.306578518919526,6.110055254360465,2
19.777082279567125,1.9765391498346654,2
19.376796687269476,5.58538016028348,2
7.159352283018382,-0.5765531575135401,1
15.06612270627805,1.8774491385296939,2
20.96943167096227,6.61097269005435,2
8.124055378471525,-1.0179680038170864,1
6.6614666111409155,9.2630288801154,0
9.674109073362018,6.2253369172786,1
20.440911569601717,5.548834184363671,2
21.752421623358668,5.6147942852804045,2
5.702074096169352,-1.0227964853578233,1
9.532497294472183,6.755275582404288,1
6.003014308231046,-2.3814983508994327,1
-2.46956079913594,0.20403792124585785,0
21.692607435357214,6.7198314646826445,2
19.90701036371649,1.2033765899231073,2
10.807285530519074,4.8981969839998865,1
21.534909320828007,5.581567840800285,2
1.7342030038892151,1.8675308986199513,0
17.49083770200996,-0.9215426543906524,2
19.684404020673934,3.9542621365246045,2
-1.0246335593956344,8.60884086803388,0
0.8260417367991002,6.744240514493762,0
21.128512521894894,7.0898118355524415,2
11.452131904201531,4.282089548307952,1
19.16979556968352,6.789232411848939,2
20.08323060033082,6.356480939055956,2
0.448584101030657,9.203794115627502,0
11.572818280829177,9.76627021251253,1
-0.8467256744660869,6.837651801804151,0
-0.7350679131009069,1.9225171453794236,0
-3.534040611861917,2.1030019570917435,0
19.632924248246688,6.065049949423073,2
21.669743994556526,7.940819388296445,2
8.82559897767572,-0.21721961260620093,1
19.282135194827536,3.280895258162321,2
4.2282576721589304,13.121213301087783,0
1.2908221047706345,5.6666437249449615,0
19.3753600887392,6.569397654894936,2
22.370896565718255,7.37954604726389,2
11.107597927888548,3.130358285567696,1
9.8924921225639455,7.7821449393527775,1
14.254926069717655,11.396601420921137,1
9.6245870411115515,4.975445119671293,1
0.19751568987866464,5.837803507218212,0
3.8207562987229675,12.974905258287377,0
13.242911431214814,8.447919788475305,1
14.186135989604395,10.69155663476485,1
18.615528144132767,8.142530322453908,2
-4.574396221732932,1.04923370890696,0
16.68879665025904,5.089437691314133,2
11.139018835830342,4.59071870595892,1
9.0575548267154,2.1932529747320775,1
-0.06641935474857494,8.709907814978877,0
10.754734135521035,-1.085968910171978,1
2.315436001457051,8.227152181052382,0
2.797299999253177,11.385445802052615,0
4.23700786127892,9.014690158306356,0
17.825080260984027,1.4547711675190103,2
12.432066773267298,7.401882458548286,1
11.354450609263179,6.005008487367753,1
-1.452753815295072,1.97481365124939,0
10.225687883337054,13.496855160584563,1
10.130427149563324,8.540257554058726,1
8.738745577828343,3.4199566347883934,1
1.0377109255322585,12.097486111790214,0
-1.605888999712656,6.765879178126546,0
8.636753597383235,1.0102582028777585,1
19.925674556293032,0.954969287631954,2
-0.5745486304525546,3.6846992740247493,0
17.94794566530778,-2.402245879188737,2
22.796718369198224,14.34848351131451,2
21.673380491613663,6.573473893691755,2
-0.6597925276354992,5.999402266575931,0
1.0696045122618778,2.406720496090646,0
7.585493621413471,3.700338281410246,1
1.2575346300966999,10.118597839226119,0
1.1523294656082157,2.546506141892846,0
2.4724477581794195,4.291216361584949,0
0.9510792759583425,6.637384344429254,0
6.905705023219488,4.39491416269499,1
10.110937595779248,3.9311458495334946,1
1.360124181873553,4.596980619431502,0
7.299596860413741,6.5665540157281885,1
10.490204888974736,4.034498825186233,1
19.38530292809598,-0.9377013251185371,2
21.462729133074895,7.726307113567808,2
20.402763612113894,9.74842457205129,2
16.84907433426212,3.204551736854971,2
0.047077554878530596,6.430611483424446,0
21.60328222205875,10.648452431742374,2
14.888745250575756,1.2376211445995593,2
18.946178638101703,5.942008567198978,2
17.37428221872974,8.631582984851946,2
1.6017226926570687,7.803870539325233,0
11.426201541050837,3.757964146229911,1
12.063829725173816,8.121474076533527,1
13.36361699590179,4.828770669496549,1
19.547379208216032,2.7419481923330973,2
19.604141936234925,6.705104543041773,2
2.0874045046424907,7.121716367202363,0
-0.883474695189965,7.842289985925085,0
16.726741805360838,3.879337843241301,2
20.42312518646372,5.380209049405485,2
19.070336543115015,3.6308314184056485,2
18.675285576087656,3.4864266596423663,2
9.734092805708794,3.676600778066689,1
17.356596580977506,2.2728218766754797,2
10.15338556268644,8.958167170987085,1
-0.7699817587638959,3.5621384844413497,0
11.894612889004312,12.102430324532566,1
10.043372543889575,4.005382534235586,1
9.083411984456344,2.952759068945044,1
10.457724289393873,9.741194596175141,1
7.207184743016457,-2.1373598591016894,1
1.8485884042598362,1.9041604786096435,0
10.132432082107501,8.275067672845477,1
11.605781684439133,3.6956369216136027,1
9.878949477486314,3.4914625527539633,1
20.178657238284465,5.694774853553278,2
10.8026227529527,0.6168013186476138,1
-1.7771212080085046,2.9779545132000402,0
22.898338850867564,5.34878980015481,2
0.4110209437188763,10.019848318180786,0
-0.11223993532880493,7.03301292515407,0
8.720281089313724,0.46859053745088897,1
1.43556199751492,7.3277407622916835,0
-0.1290005822109604,6.72830005304765,0
20.26485919181412,1.7838495514930353,2
20.06943016910818,7.652133962969971,2
0.5633052696417209,0.7127380936230763,0
11.838556509655337,4.721464147885762,1
7.914553694148207,7.493127560232269,1
9.572754639589201,4.355400264405601,1
3.5558941537400304,10.190612648414364,0
22.92188172365581,11.896192720685967,2
-0.7291016451560239,2.2086789151412374,0
8.773679157252035,5.544364158906282,1
0.991813560881208,3.188222504610449,0
20.49127717264988,4.393409777821073,2
9.74419038033563,0.023255734649485937,1
-2.50087883622839,2.736538024845387,0
23.268701922416398,7.048766164173968,2
21.95087152872789,5.752125028514284,2
12.168155875236259,5.423870973570244,1
9.28122545708092,1.9836004010228119,1
17.968960653873793,-0.2530702524949757,2
2.6710429464122702,7.214094383267438,0
9.688875447884797,7.609256730002388,1
21.853216996356217,3.1497657244191664,2
1.778491376537543,8.242282222928667,0
0.2902339831426862,2.859816974750532,0
-1.6372932522193313,1.956037611429176,0
-2.473645722408576,5.31081443214429,0
24.634451291565217,11.502552575030018,2
10.101448616467719,4.053094375665246,1
10.581671019483233,2.5887005600518482,1
16.37742052029652,-1.5151283829974038,2
7.7097046276374535,7.388461721930046,1
22.56174564430217,5.347992734277904,2
-2.718940042045718,3.9717337612969095,0
3.769941473944994,13.6756546351586,0
-2.7372031207190988,-1.9036314161443109,0
1.0878808231240067,10.733672589697177,0
17.523939663205194,3.144110247948117,2
23.75426468514014,8.570927420733451,2
-2.8916201438541345,-4.899255017535231,0
-0.3067347952675335,4.999965119899455,0
-1.8913772405374771,1.8295151042117823,0
20.62480998827437,3.933554916183551,2
10.549448750036863,5.230030834795578,1
-0.6308846328127234,3.857349695744672,0
9.231264804024978,5.475980813949077,1
17.1421285357315,3.6062189301782737,2
11.926835378472823,3.428747925672716,1
21.227563242688344,4.713746509354076,2
19.262891133566324,-0.359553150965767,2
6.385910680872514,1.6088912062581369,1
22.710876886633187,11.791412470859562,2
0.8913603322295469,7.296258667786298,0
10.329589582940631,6.046078704325062,1
10.059955531756092,3.280215827484445,1
8.647774172597579,7.496392181123219,1
12.27209930297918,7.343900204919342,1
24.338664254958452,11.081006271114315,2
7.821961420537674,2.8879085313489083,1
7.794547805057248,7.275664316703403,1
22.60527234721641,2.5933927659623777,2
14.443348979370658,-1.8774791640023154,2
20.682623121251265,6.785847516600872,2
19.55290042783208,3.8994456949548137,2
9.602456809628615,2.7533935356963393,1
23.266605359520213,4.748621316309777,2
6.260756973732178,-1.4029906874741673,1
9.499822306335158,5.382624119641666,1
-2.741518667645819,6.0010296549767475,0
2.9025236872184257,8.480323144780535,0
15.724180450213506,4.586659332205311,2
18.84547790498334,0.6076104137249674,2
20.472898903110856,5.050400266944208,2
12.19971312673642,11.544373456381216,1
1.122565427301309,3.5367333755089114,0
4.607254010835451,12.759542573242367,0
14.041791793778806,8.826399813100569,1
19.884242962520354,5.234452825060354,2
0.8841867511288951,8.817786275789791,0
7.393337719764171,-0.7012883136709083,1
-0.07044085650775331,11.526947119441724,0
21.848508632257065,2.503274651964702,2
19.278343333909596,5.644110717755747,2
0.9343453616328533,9.218572901751596,0
9.597526278821164,2.7498073303693955,1
-0.010694686363619752,4.4243617360319325,0
-1.0660065740498876,5.717666704676469,0
8.969169717549574,4.403900492160979,1
-0.16982181854215267,2.230028668494574,0
20.87186668008232,8.572295066128461,2
21.99590848795571,11.572598665851828,2
7.673621478674599,0.6081205424774527,1
13.361787675470126,8.373990423035753,1
12.434241026084594,10.377751430713346,1
-0.054877653700937584,6.738787414249648,0
9.416908791405412,2.515445961953943,1
11.94525564254715,5.806974559264024,1
-0.4794134586105203,0.297387331524976,0
-1.8034353513621115,8.364434062644602,0
-1.2623486502452403,5.858095292631323,0
-3.2519501704686067,-2.10108659469238,0
5.701008110148566,0.9484321914977651,1
4.225255846999861,12.724548190894886,0
20.538160866507003,4.05148206734086,2
-1.0389443112189083,2.246776956143526,0
19.96853111178204,1.486055746674598,2
19.697494161760204,1.2698144145393888,2
0.17646270762736585,3.440899891698008,0
11.557805023839428,9.67957067394822,1
0.7734402751721426,3.1987903394442228,0
10.695906934038472,10.254497284419369,1
6.2008572411141945,2.685191196070441,1
9.884635168024149,3.521082019667456,1
-0.9426099729222628,1.2504590437004586,0
11.269462596330861,3.537516051436572,1
-1.9214873853822299,0.004298579117859802,0
18.390350778742754,5.395991954494534,2
9.008106475667132,5.481044577640526,1
9.163046032142624,5.422249321827888,1
18.69003109946449,2.7885930289088288,2
2.7909729805503622,4.473865845486752,0
16.187393256649557,6.0155443119486804,1
23.801651262473435,8.133038715926329,2
9.209362014643835,8.929908444922429,1
8.826595254940239,4.4778913985149345,1
10.923530772495926,8.108535695805429,1
0.19441867733185164,5.3173942321885095,0
11.352051128320573,7.1640184539580645,1
-1.4975410824229016,0.40562027172772064,0
12.051105104828576,10.844532339646625,1
8.606809229156612,3.191545999586539,1
17.44572912893391,-0.4529761195513804,2
19.815152543128846,5.336057771935384,2
13.694927224390357,8.561181232005223,1
-1.8592589112402014,0.7675626062858987,0
17.938399686759503,0.5900603003735903,2
7.360971290501492,1.1571450218974333,1
9.831588596465298,-1.1310486044723511,1
11.547804413994932,7.915516306321056,1
9.680105253107637,4.577076455625725,1
1.726615084533372,11.721707751617087,0
1.9387417556766278,3.2351907531859174,0
21.228258080304112,6.264016543308769,2
4.993837013614483,14.869299999234766,0
22.310529763774856,2.402018063326075,2
13.749743233557522,7.609513131666681,1
19.52488508663078,4.328375552056468,2
9.094440923462804,4.708332143833097,1
18.566496976303352,5.14412691286185,2
20.97786853543416,8.225612045338039,2
1.6684031681610658,8.586058000107894,0
21.85172963091927,1.743957482954662,2
11.886310304270268,9.580112192114166,1
18.879851089719388,7.687780991296448,2
21.375398568579318,7.918293254599145,2
10.439650840671307,4.422626316828219,1
17.989525221450197,5.188379735192794,2
0.7462023271769296,4.269675466916079,0
10.938783138259982,5.371281285239116,1
10.129252155194207,6.761721795131908,1
2.009630883073826,4.90531326756653,0
9.252341160175204,5.098110986181108,1
21.872217008161055,7.998899742616746,2
21.689977177888135,3.2531154857196967,2
12.185316318514458,11.354597958650228,1
11.25848919667632,4.823066784313312,1
22.074469156558372,5.442727082869212,2
21.741234138447684,7.479350584236407,2
18.745183229837732,3.7893865715237505,2
20.87145797563165,6.851066373170031,2
20.478813882485397,6.653772924058545,2
7.487759239685761,5.533704952503932,1
20.44713976695502,4.080668115708063,2
21.009179737943874,10.871098298169278,2
14.234029219663682,4.598766347993697,1
8.36501577081346,6.038410121985476,1
19.5014682566314,7.238432775866565,2
20.92599729573608,5.712056236343141,2
1.3346527701119288,9.753740620767278,0
20.97633977063371,4.440934761586664,2
12.152974868854795,4.0401946734591085,1
22.298591573574218,11.073523292295503,2
-3.244246553758141,1.5062053623153702,0
2.2525658559988573,7.1507804418699505,0
11.180855057494773,11.38337200818582,1
18.518830061860218,1.0126759537924612,2
0.5049078356805846,6.286663762246888,0
-0.6739954778213947,2.201575236377919,0
21.896079205103415,8.491644290557074,2
-1.3207007600885827,1.1337808872236312,0
1.366107533100888,5.54709871635357,0
0.15678313640656485,7.843956460978747,0
21.066736181311168,6.831299854720948,2
11.75117326530078,9.925203657910872,1
10.277021300374354,5.013430950271028,1
11.880375935741913,5.025188182693531,1
18.6726458513824,4.796286773460203,2
-1.6848244652853912,3.8442431548471725,0
4.728724113274393,3.5165683966014676,0
19.934273810838175,11.237871434828458,2
11.300859740107558,8.769968327363717,1
-1.396761724376967,2.2045306044538076,0
19.12499877611153,5.253383836330488,2
8.561825165901295,5.801442168530914,1
9.450021631649618,9.488193969205085,1
21.793835542759524,6.702175106297663,2
-1.2794869718312338,3.182825603559472,0
9.847736364458374,1.2896226578193506,1
1.697358163287819,4.400990604025231,0
1.2341177261373633,1.8551998577833135,0
16.023030145441112,-0.9691679361436667,2
11.263190544701706,5.409179403896104,1
6.111709272397585,2.357339319296205,1
10.954750047757706,2.826507500090335,1
3.5574598489692826,8.630400703748396,0
1.7757850634962025,5.051905452792088,0
17.793671877169476,3.2182477504387346,2
9.394732588660613,-1.0443173038307076,1
11.667590863741093,7.896922762320003,1
-4.8190609910976505,-2.050154498325425,0
20.51490476730205,3.883264500238507,2
5.65252312702041,-1.6866834843562843,1
20.052335358626276,7.154237886554476,2
8.852220317833494,3.7830028788136763,1
20.554145405244157,-0.5898519760451286,2
0.5276080445620611,10.443295779989912,0
11.778916021003399,9.285994225236328,1
-1.0633832438236748,3.4484713422681943,0
-0.5777534871269947,6.336017328295663,0
4.648475443232885,13.068685777901235,0
21.61013933883082,2.384087802488919,2
8.350517059146423,3.72022499151303,1
1.2280152909543811,1.4126875255860583,0
10.012367379191957,5.025953157097248,1
1.0129265849776432,4.918856433162192,0
17.927448648598435,3.762911869817917,2
5.883634056267942,-3.2365928689008587,1
17.63259683734125,-3.2025139421153352,2
-1.0437492374090462,8.909702792159685,0
7.688047526474235,6.326929720386616,1
13.414421814482955,4.840460449743596,1
-0.8028916946212947,3.3511689129988724,0
9.843903517599108,5.2702972241486314,1
8.62153516077029,3.0895711128060985,1
18.59319481687423,6.506301217289714,2
10.411339222227184,6.98543513957804,1
10.840350122954131,1.8569932643617193,1
2.1274298529963334,5.622565252333002,0
8.54463712708735,1.7413523719770037,1
1.7474146157967592,13.421577373622014,0
-2.7768484755575873,2.284414492117313,0
0.6200634987336623,6.9676091096711295,0
20.38010842890308,6.731086992008832,2
19.67239059269815,1.1569226152162795,2
11.026981168987893,4.940456537698429,1
1.8001925817571354,7.696264638212741,0
20.239741923486484,2.8567658277358268,2
21.883054813618653,12.545577088647555,2
11.030978570019917,7.795542262936284,1
18.890477132511826,7.357514969510957,2
1.5447538037448203,3.921590474691076,0
21.487192615604258,7.263163057436335,2
8.820695032296493,3.9960285064400334,1
1.2526003952222498,8.720233439917092,0
-3.7527314852452167,2.6173942962171317,0
10.279692206750378,8.569583455338506,1
20.48060834778165,5.967219407905307,2
10.239963942554683,4.7050853416141445,1
15.976578672117125,6.97278588575121,2
19.252679559721585,7.803071357106455,2
-1.994340675990652,11.11203775962974,0
-2.2622046188628504,1.102505503885516,0
10.030418728459413,5.350279520559143,1
20.807410761702084,4.6822096971016025,2
8.917578972103142,3.2287410815702606,1
8.430278043658468,-0.15883500980581733,1
-5.120104880836014,0.4763001723116139,0
10.145601567023796,4.502979264564881,1
1.5004871521328214,6.846929772986228,0
19.743502238235706,9.186360764861915,2
9.02426654965572,-1.3140651856409837,1
21.81757558288496,2.8572314689837324,2
16.295071703312956,6.648957130328391,2
19.379704188277934,2.376302114105977,2
-0.6277298478659598,1.7481071651267772,0
10.04710245027331,5.8688089243658315,1
12.366919325434365,10.648375283116614,1
18.894333503985763,3.4866670021105963,2
1.1940805753662334,8.884558001593717,0
11.361938765880035,4.484593681099927,1
10.023922096434106,10.372357550661892,1
19.586384873311736,3.2475162501223167,2
1.4776980941116684,8.172903163327147,0
19.94855672460798,0.9170517657164616,2
6.4065446199880665,-1.629313336618091,1
6.368778417662558,0.9533476570947754,1
19.48450926394398,8.603546999375379,2
-0.12145447738393986,4.574856433812085,0
1.983747456287505,10.79555271925542,0
8.063118046944556,-3.0583493697040365,1
0.7614411573375944,7.771866230486932,0
20.427019481416743,5.3343265205661075,2
8.062986936127267,3.563401004098,1
22.989746197563203,9.978837494119917,2
19.327560307675473,0.5167799985906418,2
-3.401255841279624,3.0012099347577443,0
-2.9353553164200306,-4.6926504822037955,0
9.567302698817478,1.3261846158594333,1
12.303569969333388,4.035871532971299,1
11.266960913682052,6.532292395297925,1
9.445380670056478,7.5798414709360875,1
-3.486695629637942,-1.8038975820076595,0
-2.0371056804789904,0.4566094193654089,0
-0.6189625162434731,5.803816831002355,0
8.971988918126783,1.8226792294480414,1
18.517067611956083,2.4840737663157446,2
10.38243306420226,8.671611026434496,1
-2.3339672487741088,7.171278082166737,0
16.747717683430523,4.70059477988908,2
18.046205526527118,3.3066311197334146,2
18.622757629562447,-2.207153199678346,2
0.8156017746577446,4.695961625187658,0
-2.242810227980922,7.57200826536579,0
16.87413163998273,1.9132448741712933,2
10.469322873556916,7.179513729534964,1
-3.967521059590385,0.9833428192962261,0
11.956064936271384,9.272207924129734,1
-0.6518936124550652,8.380043323222651,0
19.54637340928317,2.0153597463581594,2
10.844660660841171,5.078492503090892,1
9.612949293102874,3.2204066919788463,1
9.457966221547721,1.0989872212682146,1
9.47011522907655,1.154389300141578,1
18.893223567328548,1.328091016170426,2
-0.8734158907378017,4.227077812951218,0
10.65017328057289,6.234248075081982,1
-1.5642901807618927,10.42502308559368,0
11.042063921411238,2.2244837911074202,1
13.77572103866679,10.055980381054567,1
13.166356159106877,7.760150965526755,1
-0.2636550298191936,2.4900008028908434,0
16.843846686590727,-0.8073469538763827,2
18.460538202951952,3.209636929399332,2
17.821396800055574,1.1842682987426474,2
18.524939398817466,4.835343527186496,2
1.8043017429136212,6.989408095457704,0
9.301185967099697,3.7362872641000644,1
1.179859993468481,7.619568629491232,0
19.684383229871628,6.998415700843053,2
1.5957473855073314,3.692553008000574,0
12.173123632442595,5.15391356793148,1
1.669914004678999,7.397646441301763,0
19.406268983023907,2.5732471458842445,2
23.708602702400047,9.427459549062528,2
12.596664403955277,11.655351793289121,1
-1.0704821963859823,2.157342886452994,0
8.23133736264593,0.22691886739785572,1
23.722066027050317,4.718689172720429,2
-0.5411841829010062,2.1979347691711335,0
1.1712818112612893,3.064736778448706,0
18.84588445096932,3.1689171588097227,2
-0.6380298179273942,1.9791996634785396,0
19.371949734433926,6.43845866397934,2
18.681322718628138,1.317130861011309,2
17.553680373023674,8.067787709945835,2
0.21840825126936428,-2.468851506967299,0
-0.46881480018925786,7.420991267213365,0
0.323889293551219,0.6454900222676931,0
-1.7118077513307406,7.4824426494447245,0
-2.427219411850887,0.3839054137148641,0
-0.13544294984115476,2.5577281914169427,0
2.912937072622517,6.6374659500992506,0
-2.8858779144019144,3.289475160320601,0
18.97494021235414,4.1924114464488635,2
20.487967583850832,1.6182461904735947,2
13.355023582577509,9.884699930063064,1
10.158948109324918,3.0128553086524343,1
8.287145006766123,2.070580399527891,1
-1.5575545742887056,3.4048818643908416,0
19.23812783148584,7.5407709442564075,2
-3.794716679451523,4.0774106878220175,0
9.856458176624368,3.2039151294459742,1
-2.0617291829800575,1.5534126841450688,0
21.34139095298121,7.6946504406831275,2
-0.7225755098785838,0.6767756032778873,0
9.44138728766266,5.517914652994179,1
18.708219186009377,0.4799669964526463,2
18.96854181423815,3.478728195003803,2
17.250887734277534,5.058775797103554,2
12.02075565689308,5.2023753624837665,1
0.9074129129178203,4.966495959637174,0
10.549760660889818,4.900459008961238,1
-2.5435824496097736,0.880217344048396,0
11.947190483836431,10.365102287740152,1
2.5615742473941365,5.575919154729868,0
9.948246905316019,9.086538102499912,1
16.5280724400154,-0.8141417615254021,2
-1.8903517674360006,3.0726622672883943,0
9.077760722545255,0.8423604455769143,1
11.119132274540329,10.9821086014794,1
0.41474339557366846,4.610126824256951,0
20.80103253948997,-0.39261292945585957,2
-0.1028193397528096,10.670123420987771,0
11.649889391375122,11.586303813725738,1
16.643864992944785,3.050701058547591,2
8.153441167465248,3.5381883169889212,1
-1.3148966692746933,0.5934422024059276,0
23.3098835934847,9.451843342269207,2
17.672141705057882,3.504896446147736,2
8.241714531018976,6.188706923418294,1
10.449226061773738,6.96378957300899,1
2.8410999240104915,5.155963639046007,0
1.001841378422929,7.8957420049404465,0
0.5696592039396142,5.183045656256958,0
8.558850338812453,1.3569657828694246,1
11.792921883924027,4.546648925990308,1
7.135064665427768,-1.0233796129336907,1
10.771985268048041,6.618399581971782,1
17.77869169904083,4.012404542096549,2
-0.151006875656865,3.6213095179202965,0
7.225555561733157,4.178016047282183,1
20.54942730845516,4.558332509128482,2
21.092623925377694,5.640335302036092,2
8.921810779859184,3.757774776263891,1
-3.6829983892855633,1.7040225130487776,0
-1.5805779020181587,9.304196613388445,0
-2.188136251978519,-0.5711752714811542,0
20.927394734179032,6.420534213616056,2
10.033530956784064,4.842952009520806,1
21.42743117691619,11.18959257556315,2
0.7454407946614355,5.8518286826477555,0
-1.2628374705731424,7.7550527782422245,0
-0.6903894498661048,4.710676961115801,0
19.532653774313662,4.5327300825874905,2
5.1945803366003975,-0.295181963751999,1
-1.6820313187286722,0.5265935023706776,0
8.948844876514768,-0.26113087708404414,1
21.929352143060644,8.329753418767575,2
12.33737559554133,2.231590751369472,1
10.075051270816566,4.637689705075568,1
7.881099232528486,2.129019465823903,1
19.593602282472133,7.013694967882844,2
9.478954995682937,1.598923148208875,1
16.992814317216336,-2.0288650506031627,2
-2.383092963498217,0.3026745507760351,0
24.914148331295983,9.186376026075168,2
7.157189667624612,3.537221394774577,1
-2.3413423804885456,0.6966151214073282,0
1.2254576802219495,4.507770788554264,0
21.008145825262943,7.431681775727368,2
9.93279194701514,5.733647910927952,1
12.135576822333299,6.052471016491669,1
-2.168728671507345,-0.867379634681702,0
11.131511044550557,1.986706115265009,1
9.447818379724808,0.5969321600616855,1
-1.6514177517747965,3.3814555841240215,0
0.9804410730390283,9.779518561182703,0
-1.8530637221894934,6.859569894652757,0
13.205099782852386,8.536023220916862,1
8.278217959947602,-3.8675108838369985,1
19.268973467734376,6.291405934504816,2
9.987336158459744,4.672327502432295,1
15.238938446152886,-4.4489460741671465,2
23.041639267747136,6.239201992332544,2
8.760195760563349,4.444743309811434,1
-0.9680578082716236,6.2204709562224965,0
-1.852321933176692,4.24130325044094,0
9.4281487705642,2.5156352213158235,1
13.175590722185735,10.456413568930907,1
1.3181780455694494,4.485501604371614,0
2.4125957584549553,6.2458771945879255,0
-0.04965928403905529,5.921252961204904,0
-1.8091747037705288,-0.9409722491519448,0
19.106260372219225,8.829381188960792,2
0.2501712408817945,8.959441147398742,0
2.2961827133109916,6.4462599562171,0
0.9100274586570576,0.7009023705043358,0
4.04389276853417,11.07829796486384,0
18.6094592580374,6.795474980921578,2
13.207930681252137,8.657831391801375,1
22.703414671459665,14.286644385220537,2
0.879029195142896,9.483073615746143,0
3.143243403061187,11.801096463032101,0
6.517493526349558,-5.508886610827814,1
-2.9680296020630945,1.1854313366349243,0
-1.1104651032243549,4.945403062830239,0
7.282790138435729,2.471005184884566,1
-0.16531424891464025,2.7966143685868365,0
-0.7164722379053503,1.9000895115559149,0
7.421763485774601,2.0960661325731413,1
1.933366375628152,5.206665514348975,0
-0.840911799610931,4.5846779389316055,0
11.556429489409442,8.67061427520341,1
11.154545941881077,1.0856131257919364,1
19.20655661828911,6.038137485929033,2
16.885059196855018,0.7548432337749136,2
18.90318417264437,3.2479702484384845,2
20.43452036470503,7.225121807794819,2
1.8264699390137256,7.273623128324853,0
3.104429692707407,3.5229201502900853,0
2.5362613063920714,4.337713171455154,0
11.520803049074365,8.128229712465922,1
11.318360840383447,11.007311610041354,1
21.30797930482825,7.375562375885768,2
23.111952629594278,6.422516141122944,2
20.833221733696398,8.800750950361081,2
10.056106787669714,4.559445510960833,1
5.267982854557314,0.003533274285302923,1
21.09208898137446,-0.3760307197656445,2
9.825845711737834,0.470273699267878,1
20.737784244983583,3.3804326840662524,2
17.119121241267358,4.633076356590905,2
1.8966844368682134,4.001978660135056,0
6.7550621276006915,6.251346416912717,1
-2.8440818782473616,-1.2942997011294337,0
15.600880760266673,0.8061249127459154,2
10.204485099469137,-1.467228282088712,1
6.598111495841751,4.644721970994249,1
13.335136109953154,11.585334611779288,1
11.302655637070721,5.652285355165915,1
3.0664940889352184,7.819746385845582,0
-0.014208170452974586,4.271642897072123,0
20.128874102482825,-2.1360618516866987,2
22.850440837311467,5.888370293290835,2
12.191953310699006,4.528208239597452,1
19.75232896402535,7.047750437253015,2
-1.2045675898398873,2.596716870884956,0
7.807720907542013,-0.13507050279855237,1
9.37740586023901,5.959354075589786,1
20.350277791622045,1.72111414385233,2
11.061619840087877,2.688227143596662,1
11.81282161268627,9.958564277364026,1
10.093506257851297,11.378961664101448,1
10.36958985638686,2.1787176703886377,1
8.989976333542172,6.835741494712559,1
22.18146444078364,6.18788549999818,2
-0.3709964505563747,3.4655695237681257,0
19.05715694245745,9.42056226435884,2
11.266243740302103,4.837378171784469,1
19.455751099152543,5.976321241935356,2
1.5856775951878062,2.6415915960581273,0
12.103360410137878,7.312993822734017,1
10.935181985030948,2.7017451127252055,1
3.155515552304422,12.004413660975018,0
22.385158398669642,1.4383868063471041,2
21.3756173800441,-0.19653974434779364,2
-1.0811313531472915,4.178198827406027,0
11.385805124107184,4.338871023535107,1
15.61191909862253,0.3012064712768585,2
18.091905698980348,2.5847292299794677,2
19.719632646725337,8.933537352475128,2
20.73430056099779,6.129073469045963,2
20.111716125102877,3.6527969512503455,2
23.70777372064254,6.151824054369555,2
12.4669779547328,0.5347421296498887,1
16.93308434872753,6.024955239895624,2
10.140911215686153,3.8914550152994982,1
11.249308349333653,7.071067354665267,1
-0.4479644206775938,3.4891963383439397,0
0.7023412921396893,4.559975377888964,0
20.244408915354825,6.176635835547948,2
-3.6071148389449887,3.773090891451997,0
22.00299080209865,3.5371530309940713,2
12.398439665662405,12.410072359192796,1
17.14799061991238,2.4770390602109216,2
17.69163005266022,-1.4506479113211177,2
20.391758765917753,8.547592599936273,2
0.9780662026998573,4.125132298022332,0
-0.06030111099818503,4.91730277640876,0
20.32436136597704,7.7572839142440095,2
10.212998975990585,0.5162751515987383,1
7.646066266259731,6.23566825781211,1
21.868858854170874,5.150201450783687,2
10.84394926055281,5.997410350569835,1
18.993962010496073,8.573596754460048,2
-0.5357634157354775,4.131334050909345,0
1.8745760261364932,7.483992988195728,0
10.06804715708588,3.040905604795138,1
0.48631772755488395,8.708678169303175,0
22.287377048779618,10.18942789915861,2
21.654811863677363,8.965072392794397,2
20.696116375083662,4.405577891577843,2
9.2375943119427,6.516268360149594,1
22.722562873607284,11.384460145802157,2
8.228916490048107,4.6302101608586455,1
0.7779680279003305,3.4372856335301956,0
20.823810180049076,12.320218080672316,2
11.419826942572776,4.953561500066142,1
-2.6305876115110167,2.2307894371831676,0
16.926132882182763,5.9699923555954335,2
8.70799488244511,4.758140123609874,1
8.06271402498714,5.248610229066427,1
-2.0913895316478106,1.0543882833755198,0
9.735882265365609,8.030626487114581,1
0.27744941781878657,3.9386140721737415,0
6.78039130946234,1.2938870055853045,1
21.945982891095753,8.878019007802038,2
12.09776608431551,0.7625975873410447,1
19.768301158024176,3.432616662350341,2
11.82173527511521,4.353978932906977,1
24.123662674011143,5.4059060068196665,2
11.553136905572472,6.406235587543895,1
19.626835954545612,4.515822847458515,2
18.980202969453778,4.448857857025597,2
21.428153642743894,2.256923759624473,2
-2.0705260810780652,3.7860973425705744,0
13.789698035497699,8.98769661539673,1
0.1135861187174881,-0.2521584371623877,0
16.598548113143273,-7.966759154735522,2
19.870326197844197,5.4544906535379525,2
21.786317453766888,6.8150263284104815,2
19.52463098919434,3.806955063566964,2
8.23243927963644,4.6936847356292155,1
-0.5362286268946183,5.667651038356858,0
-2.850318546218845,1.8437412542422478,0
20.565458940483122,0.9668649947440775,2
19.682040832736753,6.110817417337707,2
-0.2820871549243534,8.732521824194897,0
10.772477291295452,6.483749090454077,1
9.052290429947794,2.5199512329495346,1
12.363804189897907,3.7828571907679414,1
-1.6927651889465793,0.9606668341832569,0
19.53780741498448,1.6346836114212673,2
-3.083949718087643,5.4529022464489305,0
9.74818715020135,3.478995681527165,1
11.783077270775198,10.659283560801978,1
21.417393961547727,4.509520206957873,2
2.730969596533816,4.925155239024154,0
20.293882316148476,4.561326412457548,2
0.06875312317640438,4.723364123627676,0
22.70180905243276,7.7726322456521055,2
19.27043114143143,2.4537128733087776,2
8.358068176445135,1.8028126437489587,1
19.105085780484206,6.4867084489684554,2
22.239313280979978,8.849867017283108,2
0.41856608441206855,3.540825719221392,0
11.167378754036275,2.830724852446477,1
18.627835635900222,10.550240547445862,2
7.963019174815737,1.0821263699135604,1
-2.269506765304835,4.937439537306922,0
19.083499059352963,8.854284157638723,2
11.734752459806701,6.923790689404898,1
1.4141000126435956,4.284462022732866,0
10.44032798979844,7.626320366305421,1
20.63445960403335,1.53141263413543,2
15.38266141761812,-0.5500551871531384,2
18.471746283024732,2.9238425419187113,2
19.485569296456855,10.021607953902787,2
22.343493994367865,9.52844714408462,2
-1.290718531046018,2.0045731108090497,0
6.418876288666935,1.6474047814602577,1
17.840428950637374,6.155520103925602,2
21.428897614991556,5.052790317799072,2
16.37411053233481,2.5576099697744845,2
12.096337789798476,4.244083644436506,1
0.40543173438761965,7.476360759105763,0
0.5624227180224584,0.8101674687698388,0
22.06411601614603,13.664492432798927,2
24.587757107248382,12.044325557560338,2
-0.1185120547751736,4.654604426344186,0
20.82280271178066,6.666437299623045,2
7.4415166407113675,-1.6340060599799342,1
19.14699629733365,1.8457154018721158,2
21.69991489026172,8.305579420320964,2
16.39397357557748,-3.0659269277783836,2
8.06089206767266,-0.4209731569497315,1
23.301357575562438,9.908912901503474,2
11.331913847045398,7.813152291504528,1
20.722229288183605,3.827832326657475,2
9.024402412077764,7.903626819287999,1
22.856764515227514,15.035450028010649,2
8.191494711859335,0.6824821165605504,1
-4.187387391032101,1.630903037474121,0
1.8433579614946445,2.990663602067201,0
-3.69804561345443,-2.0385003984637784,0
-3.319787382969885,1.081484273359955,0
19.447279527049332,6.551465774449394,2
-1.6568674436838458,5.886305821499626,0
18.627858196143013,4.3144247569081475,2
19.456784461013683,3.9532565252798975,2
2.487621113729269,5.595879536385046,0
19.65595715588218,5.209481661016515,2
4.907050802959198,1.7142475414876597,1
13.281254999520964,10.773837517862646,1
11.94047352136894,8.882032411659424,1
0.04061493342186899,9.851878615650316,0
-5.302795491898194,-3.0028214519851533,0
12.235623424404318,8.22677228919904,1
8.361833187139483,2.075161535779351,1
23.40910003426677,11.413641174351802,2
11.699711662989252,4.628149499124973,1
21.086674125745215,7.286476538074501,2
10.112070906770349,3.8429235819401644,1
13.168099226462099,6.5899132447764766,1
17.122730908077,5.0368594865611325,2
8.720562774942824,4.182266851045477,1
10.173530933418368,2.463682285409848,1
20.933622357981758,5.799772128551924,2
10.83450564754104,6.07146917560788,1
1.2157895042079436,5.550314755837855,0
10.56041978831432,4.473033981022612,1
-2.35253514137511,1.184054526902422,0
17.411532863777275,3.641609460082359,2
19.3625185883444,5.529576723775163,2
1.6917151423083585,10.028921236156865,0
10.118083400869674,0.12555370300624258,1
0.5601062578890308,6.526503079530151,0
-1.6731824245355484,1.466238993530276,0
11.307066327234429,3.406935835021142,1
18.194918076753126,7.038629185402391,2
-4.065104029091565,3.041501084380232,0
2.685793050723106,7.583690857786294,0
19.80079058899885,5.20262031282428,2
7.3589084354916094,0.4024211430349598,1
20.980064105207877,6.722518663252944,2
9.72597930270128,7.666589567848314,1
9.891396751027926,4.062882577804048,1
8.71056864046845,7.205824904815989,1
20.040783219399096,2.734861361692124,2
19.459097963654603,5.846019289003211,2
-0.9444648594788841,-0.30380173811717537,0
5.7246493013920485,3.2098235961847843,1
20.194654146945343,7.18630371078175,2
9.241342847815698,-0.5539015293220437,1
0.8683858058261757,7.875633225152712,0
-0.2313285892731277,6.404556945033304,0
17.402059063286693,1.3032216223623516,2
17.105187013688468,3.2110269785510877,2
10.235753401426482,9.373267579524011,1
8.573486923967268,2.342155684395027,1
-3.0207915530023133,1.8265384389035244,0
19.41699122277674,3.567348800582379,2
18.218661570804294,3.019781442144228,2
-1.3709535122734946,4.097103385048194,0
-0.1278645788619145,5.5039894104299805,0
19.460683919126232,2.5804315713648185,2
-6.669350727080054,-3.642651804671031,0
12.102547524852426,4.814961217777425,1
22.58203913422758,5.9775201754835,2
12.47649813409209,10.970347463785465,1
16.19668737162095,2.821137146669076,2
19.114647286170086,3.2045484719291837,2
12.474529371708483,6.953805645606389,1
9.930742792394591,1.50335493384984,1
1.7411154150486623,6.014945943512252,0
17.283292945871004,1.4383617754803226,2
10.430022464239869,6.432497702194417,1
20.898158377451626,6.190099606930384,2
12.408923569305692,6.986450532605759,1
22.324353484195683,14.805207712877223,2
10.381708673884788,1.93933782976963,1
8.881601194954746,2.552450766610392,1
-2.36900419392755,4.798938114341838,0
9.774067374054848,1.6528952061854287,1
2.05849356722408,9.41114747905478,0
18.624821329645794,7.366001732797727,2
9.301099382711303,5.279190341704995,1
19.704687787980887,5.327914390053429,2
0.8540673146610768,5.466870966844192,0
17.02606018107844,0.8423160656655719,2
21.117258093990426,7.47272894947972,2
19.529120648737837,6.713715547162548,2
0.4315959230737728,5.123411314839014,0
9.856513171861438,7.466104696849895,1
6.697637462789799,3.1726704242743606,1
8.533391709607576,4.024474748108114,1
9.996227422885752,3.3157275106671737,1
11.400785507713389,11.841516206180682,1
1.5716730721994472,1.0019325309929217,0
17.95058062221436,0.13275160003152653,2
-0.7481891812009006,2.7705264331404598,0
-1.4872979212123922,3.09817947336762,0
18.65058342527593,6.989191713114837,2
8.647329157745,2.5292670733625275,1
18.052724993945255,0.5419831996080009,2
18.47088521166538,2.0249450966912854,2
21.958391902146502,11.965222942974812,2
12.34766523608917,7.407404235929648,1
2.7493328308363996,7.064887862308068,0
12.4054766993448,8.129349404452123,1
10.053898734034469,6.052018304871534,1
21.422520604972508,8.536831378917125,2
9.817095247061511,5.4347707167710615,1
-0.2337232558037926,9.489042606941826,0
7.748422131597515,5.184732624166008,1
12.279742870218557,13.973899290440997,1
9.081017524620576,3.2990498652759017,1
8.158669618309032,8.184426616850311,1
-0.6078615581537,-0.8081259297951346,0
10.535370506356834,2.3830543119699024,1
17.48607799369359,4.963286665248356,2
13.1059865771728,4.728623094297269,1
16.57804442220455,12.097217084453643,1
2.861375146091599,6.92218627439448,0
2.8058665693427707,7.574908943163828,0
20.041430131277366,4.554133963683571,2
22.44417976921373,5.4923668849671685,2
18.845792733269036,2.3350607229717797,2
11.650840291087134,5.427761857909089,1
0.7656744969630681,1.3938244850919075,0
17.576674840570956,4.008296261660142,2
2.2325930168741563,7.013780856223932,0
18.363976049362073,1.7300855456784547,2
19.110270303834263,3.581046978904933,2
21.689322579535116,2.4103943185712735,2
11.902518358274403,9.985026628153236,1
18.27519740584718,4.971161251328262,2
21.22451623323729,5.3753583783788015,2
9.789958953969581,1.118059795827107,1
8.49247547285397,3.0974071338424256,1
4.457014397895861,3.105806357683793,1
-0.19728685283556477,3.7104938444863382,0
-1.7250423674684285,2.9115109394853187,0
10.023828839672344,5.063534023150708,1
0.4558048431690674,7.530888130358596,0
11.509736146945189,2.4185386109152187,1
10.420441842809044,6.659624639430425,1
-1.3071596706021529,7.526495304287035,0
10.50370179855598,1.315946089099005,1
9.168699284070804,3.368987796187303,1
9.615952722138553,4.224226453830595,1
20.26545882218692,4.597761591944386,2
20.488957519197417,6.954070382679464,2
2.6097592982466384,10.003719111805502,0
18.118551868922314,3.9992747678763534,2
2.6738008374801727,9.403758873300237,0
3.671863412331697,7.098533127096047,0
18.592130460042977,4.450492908229874,2
-0.9794001464156529,7.3116831117414165,0
-1.724478837476294,1.544075269930949,0
11.357157573773316,5.99924106004897,1
17.262586909647357,-0.9638100908519189,2
22.215862529732235,8.447264328571883,2
18.49667078029684,4.312013529704332,2
8.278274859127997,-1.5945083647623175,1
21.100008964250566,4.415060948804403,2
19.00520393737612,4.1630338418579544,2
20.581827817653764,7.168654854861093,2
3.485285907101517,12.463177132903413,0
0.34219608177126315,3.6389815291545893,0
3.332461847741167,11.747067607250202,0
0.5610278128729277,3.5322370071989893,0
12.66519020958786,7.55312307883428,1
11.616399282492152,5.334747112782307,1
0.7888799959747574,5.478962472080494,0
17.607002404318507,0.23102453288611446,2
-2.058586986255201,0.7179118749019122,0
14.060042031556494,4.742500246250264,2
0.2974721613474569,4.75003112358673,0
9.421696708409225,3.369764698970981,1
10.834959749638035,-0.7378690388311568,1
19.844097781375194,1.2248528416846955,2
21.359891583413688,0.13671613086170797,2
10.301977156520639,9.698940521733888,1
18.323718748120882,5.884664903320281,2
13.665737784381024,6.962882335329738,1
17.580455847518092,2.439615718175825,2
10.754803804491546,10.893705970061914,1
7.841410439419729,3.477269845171728,1
20.026383571661473,5.427110205936192,2
-0.19252804222985118,4.415827815802906,0
8.999861242874026,6.752603361172046,1
22.24019435689149,9.932228107708397,2
-1.4460154385216983,3.335833986136705,0
20.019180455241862,3.7456303471421735,2
-1.2571763699554113,4.398366836177843,0
8.991113100711747,5.545826220068424,1
-0.17195610231126357,11.060311819665559,0
9.593430908915678,5.06784004076067,1
16.099372417167665,5.593348870943718,1
-1.9731419984353744,4.237923355266497,0
12.346661147811783,5.450271020282215,1
0.6384794780130558,3.302906696383684,0
18.94534040075472,4.818903869987345,2
20.567723962999718,2.83173460478269,2
19.65075488832808,3.974706064373297,2
-1.3412333161671792,2.0792070006622474,0
11.01485150043814,4.0874745186674755,1
2.4948686054206513,12.645046750641152,0
7.503448915576255,6.473811656893085,1
6.130562683623994,1.4367085362091574,1
8.472274968429412,-2.663409966462347,1
12.854177481823454,8.16817899014268,1
9.473326164381225,6.097161760317148,1
1.1722507128758364,4.596391077172418,0
2.0426442818142467,7.6067507082903205,0
3.495463243412265,5.748357711774174,0
2.042807531872222,3.597956366563718,0
20.13307202630188,5.628585959082388,2
-0.6194791462842362,8.357764953964754,0
5.735248331144112,0.08072020460850293,1
-0.6447618303349556,4.589590940937329,0
1.0106995824372864,2.7024857478789617,0
17.94488518824492,7.696752464663401,2
12.321757279903174,5.863276476742098,1
1.357356001070071,10.111118668158376,0
8.85019905509855,4.966486121544052,1
10.089788369488826,3.0494057142352577,1
0.6598461871879328,5.64293243047758,0
9.366542864795974,9.701152353926815,1
1.103018975549758,9.030685202524499,0
-1.0803696198098922,3.384946312190631,0
0.2568353041498105,5.682662249063298,0
23.551809723185492,6.485106229372362,2
18.256139690565977,-0.5623522761176383,2
8.509749520643874,1.7622141677063672,1
2.3123556056684285,11.052704865439798,0
10.248195305164325,6.482547179800507,1
1.8026858016490463,9.223367462655926,0
10.146116071363608,4.061169020764411,1
19.04649526986476,2.1193130549011454,2
11.75268283183295,3.9261878945641344,1
19.79802792841116,2.6446403249084702,2
16.158431412366642,2.872597179156592,2
2.8059379789928185,6.13183606309938,0
15.866408655395468,-2.189624340029403,2
19.343724165988124,2.316833757733849,2
16.902232369118675,2.796698067361891,2
0.4730367121890883,12.539313018503515,0
9.646974885187182,2.9891300886655823,1
21.776383582975907,5.107954650488375,2
5.687896556563374,-0.22818324207334162,1
21.34980587759176,7.386259191995808,2
2.5329491467263603,8.365316580190518,0
20.718275701191384,2.101903558614064,2
22.08007643861975,14.856087328892787,2
21.13472202702578,9.176834700749808,2
-1.4683683992394574,4.469558229794577,0
17.11613548990385,4.838809455328298,2
17.8272727923851,0.2695712138708797,2
7.9893892796193375,5.539152046899633,1
-0.8580371997576887,0.9658475721529456,0
10.036076847347031,4.592392570966279,1
8.6651416262484,2.7844274375159013,1
21.936436490174273,10.5286714942145,2
2.7821058522965965,7.3357833809765856,0
19.611703107413813,4.472257212904302,2
9.021684559220255,6.903992895618603,1
8.951892946189357,0.4143739145176477,1
-1.0719880769636785,6.3234603379321,0
-2.2717909120714355,2.9046901772509246,0
17.764223768831283,7.786608472890835,2
-2.496631594087907,6.784358440810273,0
8.171441387037865,2.823496338636913,1
1.4663607967975008,4.6610588574967124,0
23.537468685463196,8.195122441077089,2
10.038794276638312,5.186511059620759,1
-0.042253615130258534,0.6254709555631255,0
19.58799268124986,7.473079659706201,2
17.94093683271498,0.5596180980481629,2
16.601681711753713,1.214951384662943,2
8.655753461304055,1.857810618339809,1
13.649928884671462,8.74435565649544,1
6.946702751413952,0.6258897224727071,1
21.222983205283597,4.006953206570553,2
-0.5424976915038778,-0.4576065942417218,0
-2.6681773737213343,3.0985768085789585,0
24.690907644451414,5.521943888665177,2
22.468674003804665,10.954541487099636,2
13.050115799881844,7.365676762141218,1
1.1622176033466742,4.199846384643072,0
-4.722200430826408,-2.0424602381381916,0
-0.15368791097589654,6.576710714966033,0
12.760852783814132,9.859915238410986,1
10.002864772128227,6.723641851991988,1
19.219122819864364,0.7406782999577812,2
10.863647439619621,4.191370097218996,1
1.2599458626759585,2.4889729346660783,0
-3.1807780751719013,2.960567563841218,0
11.175694237758673,2.6119071677717143,1
10.591731322861028,7.498610548749145,1
8.358744038181225,4.118504220799669,1
10.698802106914064,4.546343068852059,1
17.244493335371487,2.8922655911754065,2
18.272475076293702,1.6818373447270007,2
1.4959860293072915,5.516548799305394,0
22.614257138844266,8.020340423326711,2
-1.1756591376226821,6.703186850836049,0
-2.2671581485286305,6.762432865673157,0
-1.5632091340144243,5.879678766076246,0
22.166396697454214,8.759889333854012,2
20.919777622772166,7.054584329412,2
9.020275347698645,3.649726870175943,1
20.151012355819557,11.845172586433804,2
3.8444377615177094,9.699924471478509,0
20.255360312533597,2.0999994970414155,2
12.247844429555396,5.228451610564889,1
2.453317616559958,12.583738670574615,0
22.06275469473551,0.06222409857943756,2
10.135872690668686,5.547291347440412,1
-1.993919898961749,-0.8924222676713351,0
7.664257918432743,7.776608799762769,1
8.793799737509309,2.236921893416624,1
21.45676045524574,3.70430784646982,2
-1.2330383357501922,8.441412527832032,0
9.475182168754408,2.670240921068009,1
-2.53240343974049,-0.17081212089954567,0
18.194495396308955,3.2274587365644463,2
20.292182981108322,6.7738000077267655,2
12.676848720027602,8.19944461279363,1
21.333746861833134,8.043383473445342,2
18.731238820059612,1.336594464813924,2
22.41752124649505,12.065721841928571,2
21.865314034966428,1.3677903512754561,2
11.33007642850968,3.1057570127229632,1
9.634296964146648,6.788507268102629,1
-1.1828145533988155,3.6187572912011663,0
-1.6123451443453962,9.30060280073795,0
-0.41975350842331177,10.594795301918722,0
-0.7050936517308388,11.488669290377565,0
10.223630395481836,5.809306524590388,1
19.77183268917208,1.9783664361226352,2
0.20244861081604915,10.42103553754275,0
20.415698181391623,7.228777075163098,2
20.44041748977444,5.5070325370431,2
-2.0635557087524523,1.7581864504851927,0
19.33813404519245,5.182063544885557,2
19.364615872445167,0.005031755753285516,2
10.776608507282562,6.092798503772256,1
8.448847136970562,3.30757455181265,1
9.653407256165112,10.211295097027515,1
5.4003130674324025,9.02543949041862,0
23.703321427847275,5.396406375422094,2
21.59803461475907,6.563476410916307,2
19.98212421662418,3.3227989228944566,2
-0.2271113138394389,3.8827075869848677,0
16.440358877631002,-4.315111446644488,2
-0.31680496960798027,4.029883756472011,0
22.22553586601395,7.045980653419764,2
13.836976775194566,11.833227512731806,1
16.773245010138005,3.5517145627264797,2
0.743538613945068,12.724868143444107,0
18.1531128303732,6.224935391743293,2
-4.608208858781834,3.9140909447950376,0
19.44671709910642,5.598496877246726,2
8.925424047720933,-0.7932788120479604,1
-0.13503389161752818,6.859485967001107,0
-3.3047548426456084,1.7660202245820995,0
12.78619643323936,11.879701009649548,1
9.322227918347425,5.370621911020386,1
-0.1506523085881305,3.871563395785358,0
-1.4056242948829267,2.5725922089188002,0
2.6822817951180387,7.3938723157929624,0
19.525696399957198,1.8975051274740156,2
20.635846322445254,-4.437328092423793,2
9.155230711508109,2.019222559464112,1
7.468104972157683,0.2410185217516294,1
-0.16973344805885937,5.9103241539480464,0
0.9948300810572929,7.928725301806871,0
23.34943753907607,12.53662202390328,2
21.7572414229124,6.401208203004738,2
-0.5304035702183051,7.523980486162731,0
9.262115267348252,6.94816280559565,1
0.09483316136440227,6.706396313757971,0
8.163346190632408,6.758821319148318,1
18.503533941496094,3.065338744524583,2
13.133746493228347,10.012727706144737,1
-1.3537465741237489,0.9725218886628486,0
6.719207360665939,-3.1138695303478614,1
-1.0877399580859013,2.1691771127616635,0
11.601052561667885,3.5115461760786753,1
8.610742647432138,1.1880893174193217,1
17.563459689985883,2.0753442064035217,2
-0.9452828679573747,7.18398683372813,0
2.4350746954367577,9.34504915064275,0
2.4509312441439954,8.425975932345857,0
8.935024770694582,2.080771996972489,1
16.797874483750245,2.477552819014843,2
4.378993253870097,-3.1037523109643415,1
10.247022756935948,4.5565704019874405,1
9.687971679960704,5.616464212914797,1
11.040383347592243,8.815800758434436,1
-1.7902039240092704,5.638317841895708,0
22.688692611534968,7.769801269045605,2
9.308191226006686,2.5929630631121903,1
9.94103276194709,-0.12382242634680107,1
12.616820602686749,4.389961919579549,1
23.955806588800716,7.76739058830893,2
-4.625733202004525,0.39498129099652535,0
0.25989607528482084,5.649430900441322,0
14.987826738981532,5.041717628007093,2
-1.3427494361077512,2.1990163726471175,0
19.51049964068119,8.19375455094271,2
8.36653034508287,-2.197020991488473,1
20.982943262380097,13.26924034555149,2
-0.22458879510048801,5.567481174950805,0
10.452858664333162,11.117697142655274,1
18.81299328386546,6.102535815547952,2
20.08341393357488,7.782414397812429,2
18.011838867047164,5.571259828035696,2
7.553079685333307,1.9952722987914018,1
22.729471912014038,8.384730567480768,2
8.93059958057094,7.630203096987801,1
21.135158915246546,7.188288018645441,2
3.469845270911609,5.500355083620983,0
8.086197593591173,3.3408666371577485,1
21.073349527477873,3.6648416678700153,2
1.4500852483711275,7.031047613756481,0
10.122276737218828,5.792461833044048,1
20.008925113783576,5.609612429965776,2
10.977055650049806,4.820304102000279,1
21.13512153357651,8.597050490476558,2
-0.13820357215038492,4.759967922339189,0
19.87433252933858,-0.3725804599310747,2
21.390892912841863,0.943289235790826,2
6.663980528709679,3.979619394367085,1
21.61999422615707,6.38783805894792,2
10.770861379348528,4.992875522481077,1
-1.3839204239162424,6.11792091933282,0
9.113142855145272,8.811981113262926,1
12.77027597324539,9.439245574818935,1
1.6456877690462735,5.988180708914939,0
21.186840156467323,5.714196222303951,2
-0.8426402241591243,2.5532619213417895,0
19.967446369816038,5.576174365482635,2
2.1976206875902395,9.95907622209732,0
22.562103055885654,6.656738312917645,2
17.955098815570896,6.669360576145154,2
7.676448286622695,2.779143445897293,1
6.524758742020355,6.1787630772746365,1
0.9277669865238986,5.885127226057655,0
20.061207850746793,1.2943286670845273,2
1.0338211046449488,7.96979826275245,0
10.863895893599778,1.2136833306329082,1
0.23554150526104084,5.446207566358587,0
2.7736016681125775,3.9442312010855725,0
12.621607130545295,3.4961058937177043,1
19.50830827335508,11.774129404891983,2
20.849474909671052,5.569636929133796,2
0.3570823955443221,8.359803564991866,0
20.2182211725221,4.9957713412840485,2
-0.6903140275578628,7.398881640913041,0
-2.224368282595566,3.1439416011904964,0
1.129331617230085,9.21770809804163,0
20.415734628377567,1.3549977546435317,2
9.369327922140004,3.83745368367836,1
23.26109471507068,8.526259496683746,2
18.792024654790136,0.585384322099185,2
0.016131332214306963,6.348060595886455,0
0.07245892534941234,0.20839133476424898,0
-0.43529306125816025,8.498190958653176,0
11.676316424792166,7.389992966504442,1
23.735184483450993,9.722644065243982,2
-2.696340252255645,-1.6648446158758672,0
23.873509618547352,11.699311724057067,2
1.8197069031578788,8.689343930521074,0
16.259183758561694,0.5344353183265853,2
20.2877495893447,10.180374799451215,2
19.38630729572589,3.43923223945575,2
22.967164602847035,10.234931227380653,2
18.042740101895802,6.1225141077017415,2
8.271296621092437,9.550341341508005,1
-1.7294385115623854,3.5441249463857267,0
22.741875082872184,7.810001148553683,2
0.3753753388497051,5.163773797468522,0
14.451502164748302,-3.686593273607831,2
20.035925035255357,7.945940382241273,2
-3.125026467771146,2.4084965254312785,0
21.30993753053989,6.434192485393298,2
4.700439568603032,8.993349230119874,0
8.879634760039702,6.6127654632656085,1
0.20397895697706117,6.789110787926864,0
20.39071999998758,-2.8733873244784878,2
10.5152874711717,6.946489279183763,1
-0.9576798437469186,3.547601844364719,0
10.265643504037492,4.1957354383824494,1
-1.0584728856928336,0.6792658979341626,0
0.8852224997250392,1.9642276813485706,0
21.378905015545026,9.69973184932309,2
-1.5281888585325523,5.9621550857385355,0
10.17473199297688,5.283436570295072,1
12.819423062187846,6.92725838055307,1
17.71781722676102,6.956341398210069,2
16.70576504587232,3.4926819933514386,2
-6.252250925182057,2.31112014536701,0
22.37442037320489,6.428261170018,2
19.286571953554326,3.6531329568278004,2
2.424476939095975,8.630307018767397,0
-1.3879054426805912,3.7949900759495696,0
22.71212318127714,7.453729010612513,2
11.811462671570302,5.560060736518512,1
-1.883177504511597,4.631127998156584,0
-1.2771687863078915,2.852089949676726,0
20.966975103416626,7.103108127478815,2
11.517495873871592,7.178747423509998,1
0.8529787056684162,5.113910046397148,0
10.722101592747016,4.640933747755849,1
1.010213139148582,6.433566138799578,0
1.3259138312639078,11.972555542811147,0
17.58723254677339,7.443978221499814,2
19.961432028274082,11.369584369632946,2
-0.8696751038918993,0.7806644322910352,0
12.068267499994919,-0.6971374175633871,1
0.371041247663843,3.6868787753734176,0
-1.9494712252748663,-1.2136406728667133,0
23.628216819257013,10.086416714243686,2
7.524510410055857,2.473677699661113,1
18.06905438224849,1.7675989149608893,2
18.33628006695524,3.048225273545503,2
15.521999424883136,11.8392548475501,1
20.526956347379418,7.474287231625706,2
8.72187539154043,3.7043500307567374,1
9.741147248795373,2.599438396537554,1
9.672759174235411,4.3482652055984605,1
9.3897917598786,3.705028091026649,1
-0.6427676088379982,4.428989491834835,0
8.28468623596894,3.8527153854956335,1
9.158058548063934,1.6905789460124954,1
17.825472757706017,-2.0635732628042733,2
2.2721561452866146,6.737425751886351,0
20.030857154251596,4.445546684704506,2
18.35161272264137,9.585595623075278,2
11.753356135528078,1.7483029689283338,1
9.2874546473537265,3.987146366813035,1
2.535517475567787,4.953221339801013,0
0.2576428622777802,9.863873210914928,0
19.36698107257002,5.566600749898029,2
-3.0242279042189417,-0.8124009361227205,0
23.33439024096686,7.398697266124286,2
-3.254411667413036,-1.612697269566139,0
0.06459969563992492,2.8275135356902785,0
-0.6173340769147511,2.2386641667756537,0
6.705946964903021,-1.5247933437329517,1
-1.6494539855113783,5.724514714806574,0
-0.4635284020930435,2.770723377438165,0
-2.818590698430245,5.818385452444549,0
-0.9789037631913347,6.095037764413698,0
21.24428788229646,5.395565922958396,2
-0.8934906943631714,2.795320335356868,0
9.368748688750289,1.129600984940815,1
8.45728405026538,-0.5352990259861015,1
8.678659999372874,0.5046051177735311,1
0.32042925964612573,8.529759270344504,0
8.484370058674449,2.678529562038046,1
22.77196236931778,11.185748830902433,2
0.5560957192812612,5.028764511386056,0
17.53073376500169,3.5337055513128055,2
20.727282660317577,6.003690493443073,2
12.17373796216079,6.669908097809447,1
16.54926384119152,-1.181135797684722,2
-0.16052318329914764,2.075892005412498,0
20.471305532747024,8.631811513008625,2
21.198033485528846,2.9498535344769437,2
3.7608735432444207,9.720997929918601,0
20.760868717205305,5.096542498450127,2
13.670553296949462,9.057623228595581,1
18.353411746974757,4.5151407397453465,2
17.29868666677,-0.2610726230295004,2
-1.7781156710256878,0.5178480176803166,0
-0.32044492558878696,8.954906424614341,0
-0.14411393034074393,8.036977544822257,0
8.603415038160355,-2.9551547124390134,1
21.350267969846076,3.4940871842499046,2
1.9902571966379543,5.456384436494837,0
9.680480588873529,-1.3931337201223046,1
8.306888844719134,5.97656709207055,1
13.86343587230525,2.285187457140058,2
19.385412946044465,2.5401776740378095,2
8.303970260906649,2.518200896559219,1
11.968495032307692,0.8074846064731354,1
21.48775955930163,11.415543359821479,2
20.054492279227606,7.755019528339847,2
-0.9735735900448823,0.0955095981722014,0
20.287284012878025,10.329034216104441,2
20.522135928708497,8.295551479989136,2
7.500019411737447,5.825956312211739,1
16.89485524107092,-1.9463664154753406,2
8.75115705906351,4.882404518041056,1
11.24544462111845,7.366726571282273,1
20.144223855838284,6.150908979946319,2
20.542217906067165,3.2427715637793657,2
12.498463834716762,5.252687578793071,1
-1.9035258490135651,2.639406714967793,0
1.868920131172418,10.68230273876501,0
2.408983682514704,7.254853948361975,0
11.093631489901028,7.01630291768377,1
10.982642333189954,9.784689702252352,1
10.109721949289277,9.43694192585436,1
11.919369585052808,8.726422327456342,1
20.35117253921025,6.824548279511396,2
22.38170849290674,12.3994412445341,2
17.14424841340816,-0.13398921505588923,2
14.078322515890008,-4.958710514377203,2
19.325066792875514,2.5653673572720495,2
13.909530616860325,11.073588732361603,1
1.6752063980562963,6.160146504405303,0
-1.3145659658365807,4.970788370313674,0
21.947182372417625,10.101329262202213,2
21.024671111255763,2.3160623691239377,2
23.74930136123557,7.262898390646639,2
11.805246301454842,3.5791765878220163,1
-0.49056417302061855,-0.7390153536446995,0
-2.0599553566435995,-0.1258772690951231,0
10.333300328399513,4.097723373781075,1
1.6146256445553833,6.392341272707757,0
23.90660254040367,9.561041179380428,2
1.2700107106609533,2.6258570543445097,0
10.063696084342567,4.368116440194452,1
9.246379406097788,6.449532211496363,1
19.956692650243912,3.7220659465826413,2
0.2363794186564886,5.180112275111685,0
0.6750131170602766,9.533138780131793,0
13.591396508250746,7.952554769966701,1
2.1671647631051414,3.7784430862155887,0
-2.6067091426532127,2.68979619714386,0
-1.4624698898895023,5.651152343344432,0
8.649381043126391,10.2577455981191,1
10.418932006765777,7.862216021531282,1
21.76615886267164,10.32939578851545,2
0.09814937319847335,9.257286861851338,0
12.93920999204538,9.888543791320835,1
2.546101863059937,12.0683400972263,0
7.637409030231334,2.1478251013019265,1
-2.4040928512195823,3.3069204437479183,0
3.993790320703478,6.969196839342429,0
-0.3426707006313441,5.639235613635536,0
-1.048934408943647,3.016231968079011,0
22.796241366362423,9.745754622285622,2
11.296346265117066,3.44404110251703,1
7.672039123091194,2.6097136885883594,1
8.804395788359352,5.603371890690182,1
18.289245564543457,4.445091081117203,2
0.29769514896052085,6.356520081919823,0
0.5826007446619353,8.654796558016985,0
9.74502093869164,8.8585763852079,1
1.6034996235910015,5.327128364650134,0
-0.6299324177357023,3.449762060081218,0
15.139361947821026,3.318240109599341,2
7.271237632688267,3.4997074888146136,1
20.534996450978976,2.2457543521584875,2
-3.5574309769023746,0.8674924085500004,0
19.177488256771063,4.172934066766269,2
15.257721482694869,13.778414563830413,1
12.790589573167669,9.998117204390946,1
8.503576089898827,3.977999294401498,1
20.931189003101732,7.712146358630377,2
12.663135681464272,4.641607443856547,1
0.7781855091873822,7.315846835061091,0
1.791578791921212,12.03904369475764,0
12.753302828731902,8.276760244434696,1
7.472042775759647,1.0561311206980526,1
-0.28696400678179323,11.090912630773106,0
7.8342198009227495,0.3359697115398945,1
21.478676698992768,9.926437366820327,2
0.47998544738017873,1.7394464118928337,0
7.816619285666313,5.664654942885028,1
7.094463805228594,-0.7199576308692479,1
8.43661708673498,0.41269579003236023,1
-1.5969596126054397,0.4204132460067722,0
8.563079663453054,-2.5529137221389857,1
19.497792580934785,6.662521354224111,2
21.803219681593138,9.9083273438549,2
-1.0743543848506534,5.1216081655929475,0
2.528883299703281,10.442810637533242,0
0.6753552466197479,6.226239934442436,0
19.890500018174986,9.874691795325939,2
0.8364772976633948,7.662815508103039,0
18.149562024668512,1.4943678780872915,2
-1.083988800940912,0.32315780231647695,0
9.828689459536829,3.144974319245439,1
19.959205706934007,4.636475899997228,2
8.880804391952617,2.6430126392057587,1
11.10967315615195,8.846544816509594,1
22.361258817318838,8.063259137053148,2
8.06051376890165,0.5329507910667011,1
-0.5731293686748689,6.958241694801719,0
11.701585637317145,10.059392626682554,1
9.65718845299061,9.097192648662894,1
1.0237836226907227,6.87220804783568,0
21.41169851579858,7.7806672470948515,2
12.713469174669992,7.4493940773905045,1
8.216431396218145,7.287731415196328,1
8.702062031890895,3.2180414892530522,1
0.28507292672988016,5.914033468420123,0
-1.4634312948638617,4.268270441757356,0
